,university_id,admitted,ed,rd,student_ids
1,131496,0,0,1,7075
2,164924,0,0,1,6094
3,186131,0,1,0,3694
4,161004,0,0,1,7765
5,159568,1,1,0,2185
6,131496,0,0,1,2973
7,164924,1,0,1,6496
8,164924,0,0,1,6335
9,161022,1,0,1,6866
10,240471,1,1,0,5715
11,217156,0,0,1,4027
12,144050,0,0,1,6906
13,182670,0,1,0,2987
14,198419,0,0,1,3768
15,164924,0,0,1,2046
16,130794,1,0,1,5715
17,182670,0,0,1,8086
18,217402,1,0,1,5384
19,217156,0,0,1,8033
20,165024,1,0,1,4461
21,168148,1,0,1,6719
22,230959,0,0,1,1228
23,164924,0,0,1,5742
24,234076,1,0,1,2843
25,182670,0,0,1,8703
26,164614,1,0,1,2417
27,230959,0,0,1,6139
28,164924,0,1,0,2095
29,234076,0,0,1,7788
30,168342,0,0,1,3186
31,164924,0,0,1,2094
32,230959,0,0,1,7548
33,144050,0,0,1,2857
34,166027,0,0,1,8352
35,164924,0,0,1,2204
36,161004,0,1,0,2880
37,369668,1,1,0,3314
38,168148,0,0,1,9221
39,191515,1,1,0,1284
40,230959,0,0,1,7681
41,217156,0,0,1,2711
42,168342,0,0,1,5962
43,383525,1,1,0,1424
44,166027,0,0,1,3206
45,190415,1,0,1,9128
46,234076,1,0,1,8584
47,167899,1,0,1,7871
48,166027,0,0,1,3091
49,161086,1,1,0,2951
50,190415,1,1,0,9891
51,161086,0,0,1,7091
52,446048,0,1,0,9905
53,166027,0,0,1,4881
54,191515,0,0,1,8620
55,234076,0,0,1,3194
56,186131,0,0,1,1005
57,487524,0,0,1,9128
58,133854,1,0,1,7779
59,164988,0,0,1,4162
60,130794,0,0,1,9195
61,190415,0,0,1,5715
62,166027,0,1,0,4934
63,386153,1,0,1,4474
64,164924,0,0,1,5696
65,160977,0,0,1,4259
66,164988,0,0,1,2373
67,190415,0,0,1,9782
68,230959,0,0,1,3048
69,198419,0,0,1,4881
70,168148,0,0,1,6800
71,482149,1,0,1,6786
72,161004,0,0,1,8723
73,168148,0,0,1,4561
74,455257,1,0,1,4379
75,139931,1,0,1,6432
76,164924,0,0,1,2259
77,130253,0,0,1,1119
78,164988,0,0,1,9112
79,164924,1,0,1,2857
80,215798,1,0,1,9360
81,131496,0,0,1,2951
82,130794,0,0,1,3074
83,166027,0,0,1,5988
84,166027,0,0,1,9074
85,182670,0,0,1,9891
86,190150,0,0,1,5827
87,192712,1,0,1,5376
88,152390,0,0,1,7744
89,166027,0,0,1,3964
90,190150,0,0,1,6515
91,160977,0,0,1,9112
92,164988,0,0,1,5233
93,182670,0,0,1,4316
94,166027,0,0,1,4749
95,198419,0,0,1,2973
96,164988,0,0,1,3194
97,161086,0,0,1,1215
98,217156,0,0,1,5332
99,231411,1,0,1,2204
100,168005,1,0,1,2194
101,131496,0,0,1,5517
102,190415,0,0,1,8646
103,235097,1,0,1,8620
104,160977,0,0,1,5571
105,482653,0,0,1,7229
106,130226,1,0,1,3683
107,190150,0,0,1,4953
108,131496,0,0,1,5889
109,182670,0,1,0,2133
110,209551,1,0,1,3825
111,164988,0,0,1,3180
112,168342,0,0,1,3342
113,161004,0,0,1,2987
114,164924,0,1,0,7518
115,166027,0,0,1,5233
116,230959,0,0,1,4359
117,168227,1,0,1,6140
118,202046,1,0,1,7788
119,487524,1,0,1,1064
120,217156,0,0,1,7779
121,227863,1,1,0,2479
122,166027,0,0,1,3517
123,166027,0,0,1,3517
124,231411,1,0,1,6961
125,166027,1,1,0,9180
126,186131,0,0,1,7697
127,161086,0,1,0,2388
128,191515,0,0,1,8027
129,190150,0,1,0,6340
130,190415,0,0,1,2965
131,217156,0,0,1,7132
132,164924,0,1,0,8614
133,163453,1,0,1,3483
134,198419,0,0,1,6786
135,166027,0,0,1,5923
136,164988,1,0,1,6435
137,217156,0,0,1,1284
138,217156,0,0,1,2283
139,154101,0,0,1,4881
140,216597,0,0,1,2094
141,190150,0,0,1,8121
142,198419,0,0,1,1867
143,230959,0,0,1,2059
144,128902,0,0,1,2361
145,198419,0,0,1,8620
146,164924,1,0,1,6435
147,217156,0,0,1,5384
148,217156,0,0,1,1047
149,191515,0,0,1,1125
150,168148,0,0,1,1116
151,192110,0,0,1,3091
152,168148,0,0,1,9846
153,117946,0,1,0,5186
154,234076,0,0,1,6496
155,456959,1,1,0,5571
156,166027,0,0,1,1934
157,168148,0,0,1,3074
158,192961,1,0,1,1594
159,198419,0,0,1,4027
160,161004,0,0,1,7681
161,166027,0,0,1,4898
162,234076,0,0,1,5253
163,182670,0,0,1,5137
164,160977,0,0,1,5988
165,130794,0,0,1,5511
166,133951,1,0,1,9269
167,166027,0,0,1,4896
168,144050,0,0,1,6700
169,164924,0,0,1,5433
170,182670,0,0,1,6111
171,230959,0,0,1,1047
172,168342,0,1,0,2619
173,182670,0,0,1,5603
174,166027,0,0,1,1107
175,217819,1,0,1,1475
176,190372,1,0,1,5715
177,190150,0,0,1,5137
178,190150,0,0,1,8723
179,198419,0,0,1,9718
180,164988,0,0,1,4571
181,164924,0,0,1,2967
182,164924,0,0,1,4564
183,166027,0,0,1,5962
184,134945,1,0,1,6958
185,168148,0,0,1,6467
186,161004,0,0,1,2406
187,174783,1,0,1,9700
188,217420,1,0,1,6186
189,166027,0,0,1,9905
190,164924,0,0,1,3417
191,204893,1,0,1,2283
192,165866,1,0,1,5517
193,166027,0,0,1,1116
194,198419,0,0,1,8139
195,169442,1,0,1,4701
196,158477,1,0,1,5827
197,161004,1,0,1,6367
198,182670,0,0,1,4881
199,198419,0,1,0,6360
200,244437,1,0,1,9061
201,164988,1,0,1,3504
202,190150,0,0,1,6934
203,105899,0,0,1,4474
204,131496,0,0,1,7271
205,168148,0,0,1,7608
206,130943,1,0,1,2609
207,217156,0,0,1,7132
208,166027,0,0,1,4189
209,230959,0,0,1,6728
210,166683,0,0,1,6515
211,130794,0,0,1,4027
212,215053,0,0,1,2486
213,164924,1,0,1,6094
214,182670,0,0,1,5143
215,182670,0,0,1,6943
216,166027,0,0,1,9782
217,168227,1,0,1,8623
218,161086,1,0,1,3884
219,161086,0,0,1,8257
220,230959,0,1,0,3736
221,129242,0,0,1,8055
222,193070,1,0,1,5813
223,217156,0,0,1,9118
224,217518,0,0,1,6400
225,160977,1,1,0,2357
226,213543,0,0,1,9718
227,198419,0,1,0,3122
228,182670,0,0,1,4540
229,166674,1,0,1,2609
230,164924,0,0,1,4331
231,164924,0,1,0,2151
232,166027,0,0,1,3686
233,131496,1,1,0,8158
234,490382,1,0,1,3284
235,217156,0,0,1,7447
236,182670,0,0,1,3964
237,167598,1,0,1,1168
238,217156,0,0,1,2308
239,186131,0,0,1,4027
240,160977,0,0,1,8464
241,164924,0,0,1,5444
242,165574,0,0,1,4571
243,161004,0,0,1,6400
244,182670,0,0,1,3750
245,234076,0,0,1,3460
246,166027,0,0,1,4359
247,110644,0,0,1,8033
248,164924,1,0,1,3664
249,197221,0,1,0,8033
250,217156,0,0,1,5783
251,217156,0,0,1,3504
252,154235,1,0,1,9475
253,182670,0,0,1,6903
254,230959,1,0,1,5904
255,234076,0,0,1,7849
256,168342,1,0,1,9497
257,191515,0,0,1,5352
258,234076,1,1,0,3517
259,182670,0,0,1,5169
260,217156,1,1,0,4016
261,129020,0,0,1,6736
262,130794,0,0,1,1116
263,234076,1,0,1,6826
264,130794,0,0,1,7608
265,161004,1,0,1,3460
266,167996,0,0,1,3164
267,217156,0,0,1,3194
268,215974,1,0,1,6425
269,168342,0,0,1,5731
270,217156,0,0,1,6903
271,166027,0,0,1,1125
272,168342,0,0,1,5762
273,166027,0,1,0,1273
274,171571,1,0,1,8999
275,215770,1,0,1,7984
276,164924,0,0,1,6580
277,168005,1,0,1,6829
278,130794,0,0,1,4215
279,217493,0,0,1,7788
280,182670,0,0,1,2435
281,234076,1,0,1,2486
282,481410,1,0,1,2086
283,442356,0,0,1,4798
284,168342,0,0,1,3736
285,131496,1,0,1,3825
286,164924,0,0,1,2258
287,164924,0,0,1,2987
288,168148,0,0,1,1286
289,234076,0,0,1,3717
290,130794,0,0,1,4701
291,182670,0,0,1,2967
292,186131,0,0,1,5217
293,182670,0,0,1,1119
294,130794,0,0,1,2857
295,131496,0,0,1,8623
296,167729,1,0,1,6200
297,130590,1,0,1,9859
298,165802,1,1,0,2308
299,482185,1,0,1,8121
300,155900,1,0,1,6367
301,190415,0,0,1,4474
302,237181,1,0,1,6714
303,131496,1,0,1,8791
304,198419,0,0,1,2711
305,182670,0,0,1,9891
306,168227,1,0,1,5051
307,161004,0,0,1,7132
308,198419,0,0,1,8257
309,161086,0,0,1,7158
310,130794,0,0,1,2410
311,168148,1,0,1,1047
312,168342,0,0,1,4215
313,230959,0,0,1,1424
314,168148,0,0,1,3767
315,131159,0,0,1,7111
316,234076,0,0,1,3884
317,130794,0,0,1,7091
318,234076,0,1,0,5904
319,131496,0,0,1,4103
320,190150,1,0,1,3950
321,168148,0,0,1,2414
322,234076,0,0,1,2653
323,164924,0,0,1,2991
324,168342,0,0,1,1047
325,164924,0,0,1,1463
326,217156,0,0,1,3284
327,186131,0,0,1,2308
328,230959,0,0,1,4162
329,164924,0,0,1,7871
330,421708,1,0,1,6123
331,166027,0,0,1,9501
332,168148,0,1,0,7681
333,166027,0,0,1,8139
334,198419,0,0,1,4763
335,131496,0,0,1,6645
336,186131,0,0,1,8014
337,160977,0,1,0,5957
338,230959,0,0,1,2410
339,217156,0,0,1,4379
340,186131,0,0,1,3825
341,182670,0,0,1,7798
342,234076,0,1,0,3575
343,168342,0,0,1,4933
344,164924,0,1,0,6556
345,166027,0,0,1,2711
346,161004,0,0,1,1376
347,168148,0,0,1,9973
348,161004,0,0,1,5419
349,101879,1,0,1,2526
350,130794,0,1,0,3683
351,246071,1,1,0,9360
352,165264,0,0,1,7451
353,166027,0,0,1,9659
354,198419,0,0,1,2417
355,131496,0,0,1,9666
356,182670,0,0,1,3576
357,182670,0,0,1,3603
358,190415,0,0,1,9833
359,160977,0,1,0,2446
360,182670,0,0,1,6829
361,130794,0,0,1,6580
362,190150,0,0,1,2094
363,166027,0,1,0,3425
364,131496,0,0,1,2204
365,164924,0,0,1,9195
366,166018,1,0,1,3507
367,130794,0,0,1,8121
368,168342,0,0,1,4490
369,193973,1,0,1,2466
370,186131,0,0,1,5511
371,225399,1,0,1,9415
372,166027,1,0,1,1501
373,166027,0,0,1,3694
374,190150,1,1,0,7567
375,182670,0,0,1,7567
376,166027,0,0,1,6961
377,191515,0,0,1,4801
378,161004,0,1,0,7744
379,217156,0,0,1,5492
380,134945,1,0,1,6760
381,217156,0,0,1,6890
382,234076,0,1,0,7271
383,131496,0,0,1,7111
384,168342,0,1,0,2618
385,161004,0,0,1,8854
386,161086,1,1,0,1865
387,164924,0,0,1,7017
388,436827,1,0,1,6556
389,160977,0,0,1,3190
390,190415,0,0,1,2026
391,161004,0,0,1,6846
392,234076,0,1,0,9501
393,161004,1,0,1,9871
394,144050,0,0,1,2586
395,182670,0,0,1,9046
396,122728,1,0,1,9833
397,130590,0,0,1,7598
398,168148,0,0,1,4792
399,230728,1,0,1,5511
400,101587,0,0,1,1464
401,166027,0,0,1,3985
402,164924,1,0,1,7871
403,182670,0,0,1,6389
404,144050,0,0,1,7229
405,230959,0,0,1,4478
406,160977,0,0,1,3306
407,234076,0,0,1,5444
408,164988,1,0,1,8114
409,161086,0,0,1,5511
410,182670,0,0,1,8352
411,230959,0,1,0,6974
412,168342,0,0,1,2880
413,198419,0,1,0,3507
414,183080,1,0,1,9495
415,217156,0,0,1,7788
416,191621,1,1,0,1047
417,207157,0,1,0,9374
418,487746,1,0,1,4461
419,198419,0,0,1,6367
420,161004,0,0,1,6943
421,168342,0,0,1,4896
422,217156,0,0,1,6958
423,161086,0,1,0,8277
424,154688,1,0,1,2435
425,163912,1,0,1,6543
426,166027,0,0,1,9982
427,186131,0,0,1,8646
428,168148,0,0,1,4474
429,166027,0,1,0,2283
430,131496,0,1,0,6829
431,166027,0,0,1,8279
432,131496,0,0,1,1005
433,166027,0,0,1,1806
434,190415,0,0,1,5792
435,161086,0,0,1,6432
436,183211,0,0,1,5051
437,164988,0,0,1,8121
438,161004,1,0,1,1475
439,165334,0,0,1,7765
440,182670,0,0,1,6432
441,131496,0,0,1,4162
442,131496,0,0,1,3460
443,166489,1,0,1,6360
444,164988,1,0,1,9475
445,166027,0,0,1,5197
446,234076,0,0,1,4035
447,161004,0,0,1,3190
448,161004,0,1,0,5210
449,182670,0,0,1,9687
450,161086,0,0,1,5696
451,240417,0,0,1,9269
452,161086,0,0,1,6454
453,164924,0,0,1,6719
454,168342,0,0,1,3425
455,216047,1,0,1,6354
456,130794,0,0,1,2556
457,161253,1,0,1,1709
458,166027,0,0,1,4316
459,234076,0,0,1,1297
460,194578,1,0,1,9501
461,186131,1,0,1,7659
462,151306,1,0,1,2357
463,190150,0,0,1,4103
464,161004,0,0,1,7200
465,161004,0,0,1,1209
466,214689,1,0,1,6700
467,160977,0,1,0,5384
468,175272,0,0,1,8139
469,166027,0,0,1,3186
470,161572,1,0,1,5783
471,190415,0,1,0,2973
472,164924,0,0,1,8791
473,190415,0,0,1,1776
474,110538,0,0,1,8139
475,166027,0,0,1,8277
476,230959,0,0,1,3517
477,130590,0,1,0,2183
478,190150,0,0,1,7017
479,165936,1,0,1,7451
480,161004,0,0,1,5944
481,217156,0,0,1,2194
482,182670,0,0,1,7158
483,217402,1,0,1,2618
484,161086,0,1,0,5990
485,434362,1,0,1,9891
486,198507,1,0,1,3639
487,230959,1,0,1,3342
488,161086,0,0,1,1501
489,197133,0,1,0,6560
490,243799,1,0,1,3194
491,157100,1,1,0,2794
492,164924,0,1,0,7091
493,164988,0,1,0,6389
494,182980,1,1,0,9074
495,161004,0,0,1,4933
496,166027,1,0,1,2865
497,234076,0,0,1,7200
498,131496,0,0,1,6580
499,443410,0,0,1,4729
500,234076,0,0,1,4953
501,167057,0,0,1,6820
502,217156,0,0,1,8033
503,175616,1,0,1,5944
504,166027,0,0,1,5181
505,166452,1,0,1,3122
506,211583,1,0,1,9659
507,144050,0,0,1,6866
508,198419,0,0,1,8550
509,198419,0,0,1,5762
510,161004,0,0,1,9495
511,414878,0,0,1,2326
512,234076,1,0,1,3576
513,129941,1,0,1,3048
514,146612,0,0,1,2965
515,217156,0,0,1,1263
516,122755,1,0,1,7744
517,168342,0,0,1,7758
518,191515,0,0,1,5923
519,182670,0,0,1,4729
520,186131,0,0,1,4474
521,168148,0,0,1,4379
522,131496,0,0,1,5944
523,190415,0,0,1,5571
524,230959,0,0,1,3390
525,217156,0,1,0,3074
526,164924,1,0,1,5433
527,190150,0,0,1,2094
528,230959,0,0,1,7763
529,234076,1,0,1,4953
530,217156,0,0,1,3664
531,230959,0,0,1,4749
532,164924,0,0,1,7091
533,168342,0,0,1,2361
534,234076,0,0,1,3717
535,168342,1,0,1,4189
536,166027,0,0,1,5743
537,168342,0,0,1,4035
538,166027,0,0,1,5433
539,182670,0,0,1,6903
540,160977,0,0,1,5007
541,482468,0,1,0,4501
542,161086,0,0,1,5481
543,168148,0,0,1,5529
544,160977,1,1,0,6274
545,161004,0,0,1,4421
546,164924,0,0,1,9871
547,131496,1,0,1,6400
548,234076,0,0,1,6934
549,168342,0,0,1,7382
550,186131,0,1,0,5087
551,164924,0,0,1,3306
552,230959,0,0,1,4921
553,238458,1,0,1,2026
554,168148,0,1,0,5743
555,130794,0,0,1,5483
556,230959,0,0,1,5715
557,166027,0,0,1,3277
558,198419,0,0,1,8257
559,234076,0,0,1,5178
560,184348,1,1,0,1209
561,144050,0,0,1,6567
562,168342,1,0,1,6496
563,210146,1,0,1,5051
564,199643,0,0,1,7788
565,161004,0,0,1,5179
566,166027,0,0,1,4016
567,217156,0,0,1,6504
568,166027,0,0,1,5653
569,130493,1,0,1,9801
570,198419,0,0,1,5492
571,168148,0,0,1,9973
572,198419,0,0,1,1806
573,190415,0,0,1,6444
574,168342,0,0,1,6186
575,131496,0,0,1,4564
576,182670,0,0,1,5962
577,182670,0,0,1,2501
578,182670,0,0,1,9843
579,186131,0,0,1,9666
580,198419,0,0,1,6340
581,144050,0,0,1,2373
582,198419,0,0,1,9584
583,190415,1,0,1,4246
584,217420,1,0,1,3507
585,191515,0,0,1,7608
586,130794,0,0,1,6425
587,161004,0,0,1,4934
588,142115,1,0,1,3048
589,129242,0,0,1,5511
590,198419,0,0,1,2414
591,441982,0,0,1,7518
592,217156,0,0,1,3299
593,182670,0,0,1,1594
594,182670,0,0,1,5391
595,161341,0,1,0,9700
596,198419,0,0,1,7779
597,168148,0,0,1,2987
598,217156,0,0,1,9061
599,164924,1,1,0,1842
600,160977,0,0,1,5198
601,164924,0,0,1,2612
602,230959,1,0,1,3639
603,168342,1,0,1,1107
604,165936,1,0,1,2406
605,130794,0,0,1,2185
606,363934,1,0,1,5529
607,130794,0,0,1,5179
608,198419,1,0,1,6485
609,179557,1,1,0,1648
610,164924,0,0,1,3314
611,230959,0,0,1,9799
612,168342,0,0,1,8464
613,186131,1,0,1,5827
614,131496,0,0,1,1568
615,161086,1,0,1,3349
616,139658,0,0,1,4189
617,198419,0,0,1,6665
618,144050,0,0,1,9415
619,164988,0,1,0,2142
620,190150,0,1,0,8722
621,161086,0,0,1,9905
622,198419,0,0,1,8723
623,486938,1,0,1,3284
624,161554,1,0,1,1005
625,230959,0,0,1,1867
626,166027,0,0,1,8620
627,160977,0,0,1,5087
628,164924,0,0,1,7758
629,164924,0,0,1,8703
630,217156,0,0,1,2951
631,182670,0,0,1,9415
632,160977,0,1,0,9718
633,198419,0,0,1,8098
634,190150,1,0,1,2337
635,190415,0,0,1,8279
636,230959,0,0,1,1914
637,168148,0,0,1,9291
638,133979,1,0,1,9687
639,130794,0,0,1,1865
640,144050,0,0,1,6786
641,166629,1,0,1,6111
642,191515,0,0,1,7588
643,161004,0,0,1,9326
644,166027,0,0,1,5305
645,164988,0,0,1,3349
646,166027,0,0,1,2308
647,161086,0,0,1,5990
648,168148,0,1,0,6454
649,182670,0,0,1,5743
650,167835,1,0,1,1263
651,130794,0,0,1,6556
652,190415,0,0,1,8623
653,131496,1,0,1,3736
654,149505,0,0,1,8952
655,191515,1,0,1,9291
656,166027,0,0,1,2991
657,214157,1,1,0,6186
658,161086,0,0,1,8791
659,182670,0,0,1,9666
660,160977,0,0,1,6736
661,131496,0,0,1,1685
662,190150,0,0,1,3299
663,168342,0,0,1,5481
664,198419,0,0,1,5384
665,190415,0,0,1,9801
666,164748,0,0,1,4858
667,160977,0,0,1,6786
668,161299,1,1,0,9801
669,131496,0,0,1,6288
670,182670,0,0,1,6515
671,177038,1,0,1,6974
672,382416,1,0,1,1464
673,166027,0,0,1,1463
674,228149,1,0,1,6829
675,130794,0,0,1,6435
676,168148,0,0,1,9891
677,161086,0,0,1,2059
678,168148,0,0,1,5475
679,213598,1,0,1,2843
680,165644,1,0,1,3460
681,164924,1,0,1,4729
682,166027,0,1,0,2259
683,186131,0,0,1,1914
684,166027,0,0,1,6800
685,144050,0,0,1,1175
686,215284,1,0,1,5783
687,215929,0,0,1,3074
688,166027,0,0,1,8566
689,217059,1,0,1,4224
690,144050,0,0,1,2046
691,191515,0,1,0,6800
692,186131,0,0,1,6207
693,166027,0,0,1,8700
694,198419,0,0,1,3184
695,164924,0,0,1,4501
696,168148,0,0,1,4016
697,182670,1,0,1,9718
698,168342,0,0,1,3306
699,161004,0,0,1,3425
700,217156,0,0,1,1709
701,231059,1,0,1,6400
702,209241,1,0,1,6139
703,183239,1,0,1,8584
704,130794,0,1,0,7513
705,186131,0,0,1,3694
706,182670,0,0,1,3460
707,210571,1,0,1,6560
708,161004,0,0,1,7659
709,161004,1,0,1,3825
710,234076,0,0,1,9833
711,130794,0,0,1,5210
712,190150,0,0,1,9846
713,131496,0,0,1,4921
714,230959,0,1,0,3800
715,164988,0,0,1,6590
716,198419,0,0,1,6435
717,234076,1,1,0,9061
718,186201,0,0,1,1914
719,166027,0,1,0,8100
720,234076,0,1,0,2727
721,191515,0,0,1,1424
722,168342,0,0,1,8055
723,161086,0,0,1,3517
724,217156,0,0,1,9118
725,131496,0,1,0,7718
726,168342,1,0,1,2059
727,168342,0,0,1,8722
728,191515,0,1,0,5051
729,226231,1,0,1,4707
730,144050,0,0,1,7298
731,168342,0,1,0,9584
732,167783,1,1,0,3417
733,182670,0,0,1,5792
734,164924,0,1,0,9859
735,182670,0,0,1,7849
736,186131,0,0,1,3277
737,161086,0,0,1,6340
738,166027,1,0,1,6454
739,144050,0,0,1,9782
740,217156,1,0,1,7075
741,186131,0,0,1,8005
742,182670,0,1,0,7098
743,164924,1,0,1,1501
744,164988,0,0,1,6432
745,183974,1,0,1,6200
746,161086,0,0,1,8098
747,104179,1,0,1,3677
748,166027,0,0,1,3342
749,161004,0,0,1,9501
750,166027,0,1,0,6934
751,144050,0,0,1,8646
752,165820,1,0,1,6829
753,198419,0,0,1,5783
754,166018,1,0,1,1501
755,191515,0,0,1,5620
756,131496,0,0,1,1261
757,131496,0,0,1,7871
758,161299,1,0,1,2094
759,165802,1,0,1,6665
760,164988,0,0,1,6714
761,131496,0,0,1,1970
762,130794,0,0,1,6367
763,182670,0,0,1,1776
764,164924,0,0,1,5391
765,196592,1,0,1,1685
766,230959,0,1,0,7111
767,128498,1,0,1,2308
768,217156,0,0,1,9291
769,217156,0,0,1,4964
770,230816,0,0,1,5384
771,182670,1,0,1,9501
772,131496,0,0,1,6719
773,203757,1,0,1,8027
774,230959,0,1,0,6140
775,131496,0,0,1,4035
776,168342,0,0,1,4801
777,168342,0,0,1,2326
778,130794,0,1,0,2307
779,217156,0,0,1,3190
780,186131,0,0,1,7098
781,168148,0,1,0,1128
782,130794,0,1,0,7763
783,161004,0,0,1,7763
784,131496,0,0,1,7779
785,217165,1,0,1,9687
786,142115,1,0,1,8703
787,217235,0,1,0,4490
788,134945,0,1,0,5731
789,152099,1,1,0,5332
790,161518,1,0,1,3430
791,186131,0,0,1,3190
792,230959,0,0,1,6543
793,198419,0,0,1,5603
794,228529,1,0,1,3048
795,164924,0,0,1,9118
796,168148,0,0,1,4921
797,234164,0,0,1,5178
798,168148,0,0,1,9801
799,217688,0,0,1,8055
800,186131,0,0,1,9783
801,230959,0,0,1,9291
802,182670,0,0,1,8279
803,161086,0,0,1,8703
804,182670,0,0,1,9859
805,127060,1,0,1,6367
806,234076,0,0,1,5178
807,191515,0,0,1,5990
808,493594,0,1,0,6958
809,166027,0,0,1,6943
810,230959,0,0,1,2337
811,182670,0,0,1,9046
812,166027,0,0,1,8293
813,161004,0,0,1,6367
814,436827,1,0,1,2794
815,190415,0,1,0,2643
816,182670,0,0,1,9844
817,161004,0,0,1,2414
818,168148,0,0,1,9800
819,164492,1,0,1,1297
820,230959,0,0,1,4760
821,168148,0,1,0,4162
822,131496,0,1,0,1113
823,186131,0,0,1,5743
824,166027,0,0,1,3091
825,144050,0,0,1,4289
826,182670,0,0,1,2857
827,230959,0,0,1,7681
828,166027,0,0,1,7111
829,190415,0,0,1,7765
830,144962,0,0,1,7763
831,230959,1,0,1,2486
832,186131,0,0,1,6485
833,131496,0,0,1,2843
834,146719,0,0,1,5892
835,164924,0,0,1,3677
836,168148,0,0,1,4501
837,182670,0,0,1,6439
838,166027,0,0,1,7758
839,230959,1,0,1,4940
840,164924,0,0,1,6444
841,220604,1,0,1,5179
842,421878,1,0,1,9178
843,217156,0,0,1,2026
844,161004,1,0,1,5143
845,198419,0,0,1,3603
846,168218,0,0,1,4379
847,182670,0,0,1,3390
848,161004,0,0,1,9518
849,217156,0,0,1,3186
850,168342,1,0,1,6139
851,218238,1,0,1,7765
852,166027,0,0,1,3471
853,161004,0,1,0,9659
854,234076,1,0,1,3964
855,198419,0,0,1,3767
856,166027,0,0,1,6496
857,182670,0,0,1,9859
858,169479,1,0,1,5908
859,230959,0,0,1,4824
860,166027,0,0,1,7447
861,190415,0,1,0,8796
862,144050,0,0,1,2586
863,182670,0,1,0,7517
864,164988,0,0,1,5988
865,182670,0,1,0,3531
866,191630,0,0,1,9200
867,217156,0,0,1,4331
868,164924,0,0,1,3576
869,190150,0,0,1,9782
870,161086,0,0,1,9128
871,217493,0,0,1,5528
872,166027,0,0,1,5984
873,166027,0,0,1,7984
874,193654,1,0,1,1776
875,197744,1,1,0,4123
876,166027,0,0,1,9128
877,164988,0,0,1,2026
878,124937,1,0,1,6159
879,168342,0,0,1,7271
880,168148,1,1,0,5197
881,182670,0,0,1,6560
882,230959,0,0,1,7798
883,131496,0,0,1,2209
884,234076,0,0,1,4359
885,161004,0,0,1,2259
886,196097,0,0,1,3219
887,131496,0,0,1,9833
888,217156,0,0,1,4123
889,131496,0,0,1,8098
890,161086,0,0,1,6094
891,230959,0,0,1,6140
892,168342,0,1,0,6207
893,131496,0,0,1,2388
894,164924,0,0,1,8961
895,130794,0,0,1,5384
896,186131,0,1,0,5078
897,164924,1,0,1,1064
898,198419,0,0,1,9046
899,168148,0,0,1,3436
900,168148,0,0,1,5511
901,166027,0,0,1,3686
902,161086,0,1,0,1475
903,107877,0,0,1,3134
904,191515,0,0,1,9687
905,166027,0,0,1,7901
906,217156,0,0,1,1648
907,230959,0,0,1,8722
908,168342,0,1,0,7129
909,217156,0,1,0,1776
910,234076,0,0,1,6504
911,182670,0,0,1,8703
912,190415,0,0,1,3048
913,198419,0,0,1,1113
914,123961,0,0,1,7608
915,130794,0,0,1,5696
916,190150,0,0,1,5492
917,164924,0,1,0,5433
918,230995,1,0,1,7017
919,182670,0,0,1,7091
920,216047,1,0,1,8854
921,190415,0,0,1,8703
922,186131,0,0,1,5217
923,144050,0,1,0,4619
924,130794,0,1,0,1125
925,131496,1,0,1,9528
926,168342,0,0,1,5908
927,198419,0,0,1,2973
928,417646,0,0,1,7158
929,217688,0,1,0,5654
930,131496,0,0,1,4561
931,190150,0,0,1,1209
932,186131,0,0,1,7697
933,230959,0,0,1,5620
934,161086,1,1,0,7788
935,164535,1,0,1,5743
936,486938,1,0,1,6274
937,229780,1,0,1,6714
938,198419,0,1,0,9495
939,168342,0,0,1,3219
940,180832,1,0,1,5178
941,131496,0,0,1,2618
942,230959,0,1,0,7229
943,144050,0,0,1,8055
944,131496,0,0,1,2406
945,131496,0,0,1,4224
946,166027,0,0,1,2865
947,164924,0,1,0,8554
948,164924,1,0,1,7798
949,191515,0,0,1,6903
950,161004,0,1,0,3436
951,164924,0,0,1,9178
952,182670,0,0,1,7798
953,168148,0,0,1,4707
954,168148,0,0,1,4091
955,161004,0,0,1,9833
956,190415,0,0,1,1685
957,131496,0,0,1,3504
958,230816,0,0,1,3180
959,144050,0,0,1,7659
960,190415,0,0,1,5007
961,198419,0,1,0,7699
962,132657,1,0,1,5742
963,131496,0,0,1,1125
964,230959,1,1,0,6728
965,190099,1,0,1,4246
966,168342,0,1,0,5517
967,131496,0,0,1,8098
968,182670,0,0,1,7744
969,164924,0,0,1,3639
970,230959,0,0,1,9801
971,230959,0,0,1,4091
972,196653,1,0,1,5444
973,454245,1,0,1,5492
974,161004,0,0,1,7959
975,164924,1,0,1,2046
976,166027,0,0,1,3800
977,186131,1,0,1,7229
978,164924,0,1,0,5480
979,198419,0,0,1,2618
980,234076,0,0,1,2026
981,217156,0,0,1,5210
982,131496,0,0,1,3603
983,198419,0,0,1,2711
984,161086,1,0,1,2080
985,166027,0,0,1,2032
986,192961,1,0,1,4619
987,168148,0,0,1,6373
988,167057,0,0,1,5178
989,198419,1,0,1,1842
990,198419,0,0,1,8703
991,154518,1,0,1,8719
992,191515,0,0,1,1970
993,198419,0,1,0,2777
994,161004,0,0,1,2857
995,162061,1,0,1,6485
996,182670,0,0,1,3471
997,182670,0,1,0,9128
998,130794,0,0,1,8620
999,463056,1,0,1,2987
1000,217156,0,0,1,6560
1001,161086,0,0,1,6714
1002,230959,0,0,1,8033
1003,198419,0,0,1,5337
1004,168148,0,0,1,7164
1005,166027,1,0,1,7788
1006,490319,1,0,1,4561
1007,121150,0,0,1,6820
1008,198419,0,0,1,1215
1009,436827,1,0,1,4359
1010,168148,0,0,1,8464
1011,164924,0,0,1,9799
1012,234076,1,1,0,2763
1013,166027,0,1,0,3306
1014,217156,0,0,1,9415
1015,160977,0,0,1,3768
1016,131496,1,1,0,8139
1017,217156,0,0,1,2388
1018,166027,0,0,1,5944
1019,234076,0,0,1,8086
1020,230959,0,0,1,5143
1021,182670,0,0,1,3686
1022,166027,0,0,1,8277
1023,160977,1,0,1,7763
1024,131496,0,0,1,8798
1025,131496,0,0,1,4246
1026,131496,0,0,1,8999
1027,130794,0,0,1,3349
1028,161004,0,0,1,1806
1029,230959,0,0,1,3750
1030,164924,0,0,1,7017
1031,166027,0,1,0,2414
1032,161004,0,0,1,4474
1033,217156,0,1,0,6009
1034,186131,0,0,1,7447
1035,217156,0,0,1,6288
1036,144005,0,1,0,3750
1037,198419,0,0,1,5827
1038,168148,0,0,1,2589
1039,161004,0,0,1,4474
1040,131496,0,0,1,1376
1041,168148,0,0,1,2373
1042,203845,0,0,1,2653
1043,167394,1,1,0,1215
1044,217156,0,0,1,2357
1045,230959,1,0,1,4763
1046,161086,1,0,1,1648
1047,168148,0,0,1,7699
1048,113582,1,0,1,8620
1049,166027,0,0,1,9844
1050,182634,1,0,1,4763
1051,198419,0,0,1,5696
1052,237561,1,0,1,2406
1053,164988,0,0,1,1842
1054,164924,1,1,0,3430
1055,198419,0,0,1,4858
1056,217156,0,0,1,5571
1057,152497,1,0,1,1020
1058,230959,0,0,1,1568
1059,166027,0,0,1,8566
1060,160959,1,0,1,6288
1061,191515,0,0,1,9905
1062,182670,0,0,1,6140
1063,186618,0,0,1,2307
1064,190415,0,0,1,5492
1065,130794,0,0,1,7098
1066,161086,0,1,0,4478
1067,166656,1,0,1,5603
1068,180416,1,1,0,2589
1069,217156,0,0,1,2046
1070,182670,0,0,1,1475
1071,217156,1,0,1,6689
1072,182670,0,0,1,4895
1073,234076,1,0,1,3346
1074,164924,0,0,1,8961
1075,198419,0,1,0,5529
1076,182670,0,0,1,9982
1077,230959,0,0,1,6903
1078,166489,0,0,1,8796
1079,230959,0,0,1,6800
1080,230959,0,0,1,6207
1081,164924,1,0,1,9859
1082,168342,0,0,1,8646
1083,190415,0,0,1,5813
1084,198419,0,0,1,3186
1085,168342,0,0,1,4798
1086,164924,0,0,1,9833
1087,126562,1,0,1,7271
1088,230959,0,0,1,1865
1089,161086,0,0,1,4881
1090,161004,0,1,0,4729
1091,491817,1,0,1,5197
1092,131496,0,1,0,2337
1093,161004,0,0,1,7075
1094,167288,1,0,1,6719
1095,190415,0,0,1,3349
1096,167288,1,0,1,7871
1097,166027,0,0,1,8722
1098,463056,1,0,1,2843
1099,213543,0,0,1,1175
1100,234076,1,0,1,1475
1101,476975,1,0,1,8168
1102,217156,0,0,1,3515
1103,164988,0,0,1,7697
1104,198419,0,0,1,8999
1105,182670,0,1,0,5696
1106,165936,1,0,1,6360
1107,234076,0,0,1,8723
1108,164924,0,0,1,5904
1109,214731,1,0,1,5783
1110,186131,0,0,1,6496
1111,131496,0,0,1,6139
1112,165644,0,0,1,8293
1113,165820,1,0,1,7164
1114,198419,0,0,1,7765
1115,160977,0,0,1,4940
1116,109785,1,0,1,1168
1117,186131,0,0,1,4798
1118,166027,0,0,1,2965
1119,172334,1,0,1,9982
1120,217156,0,0,1,4729
1121,239017,1,0,1,7548
1122,166027,0,0,1,4105
1123,166027,0,1,0,6645
1124,130794,1,0,1,3091
1125,168342,0,0,1,2609
1126,166027,0,0,1,9687
1127,217156,0,0,1,6123
1128,164924,0,0,1,1842
1129,164924,0,0,1,5904
1130,166027,0,0,1,2965
1131,182670,0,1,0,5064
1132,144050,0,0,1,3736
1133,191515,1,0,1,6288
1134,186131,0,0,1,5305
1135,190150,0,0,1,6700
1136,166027,0,0,1,4105
1137,182670,0,0,1,1136
1138,166027,0,0,1,5715
1139,164492,1,1,0,1867
1140,186131,0,0,1,3206
1141,217156,0,0,1,6496
1142,182670,0,1,0,6786
1143,198419,0,0,1,5007
1144,166027,0,0,1,1475
1145,191515,0,0,1,8293
1146,164924,0,0,1,1568
1147,186131,0,1,0,6515
1148,166027,0,0,1,7447
1149,230959,0,0,1,2326
1150,166027,0,0,1,5087
1151,198419,0,0,1,4490
1152,182670,0,0,1,6496
1153,120537,0,0,1,1648
1154,186131,1,0,1,6590
1155,164924,0,0,1,3483
1156,487524,1,0,1,6360
1157,161004,0,0,1,7779
1158,183044,1,0,1,1648
1159,198419,0,0,1,6714
1160,120768,0,0,1,6943
1161,130794,0,0,1,7017
1162,230995,1,0,1,4729
1163,217156,0,0,1,8703
1164,168148,0,0,1,3390
1165,144050,0,0,1,5511
1166,164988,0,0,1,7779
1167,488563,0,0,1,1464
1168,190150,0,0,1,2188
1169,186131,0,1,0,1534
1170,182670,0,0,1,6903
1171,217156,0,0,1,8554
1172,164924,0,0,1,2417
1173,166027,0,0,1,6560
1174,186131,0,0,1,5143
1175,191515,0,0,1,9973
1176,160977,0,0,1,3284
1177,186131,1,1,0,9982
1178,160977,0,0,1,1709
1179,487092,0,0,1,2094
1180,164562,1,0,1,5198
1181,186131,0,0,1,5511
1182,217156,0,0,1,1534
1183,182917,1,0,1,5186
1184,131496,0,1,0,4243
1185,190150,0,0,1,2435
1186,184773,1,0,1,6094
1187,217156,0,0,1,7809
1188,161086,0,1,0,8646
1189,198419,0,0,1,5352
1190,496618,0,0,1,4027
1191,168148,0,0,1,6467
1192,217156,0,0,1,5233
1193,233301,1,1,0,9269
1194,168148,0,0,1,7298
1195,198419,0,0,1,4760
1196,186131,1,0,1,4760
1197,144050,0,0,1,2032
1198,186131,0,1,0,4895
1199,130794,0,0,1,4379
1200,230959,0,0,1,7984
1201,164924,0,0,1,3504
1202,441937,1,0,1,2466
1203,190150,0,0,1,2763
1204,182670,0,0,1,5352
1205,166027,0,0,1,5529
1206,166027,0,0,1,3342
1207,164924,0,0,1,5186
1208,164924,0,0,1,6009
1209,182670,0,0,1,4749
1210,182670,1,0,1,1125
1211,190415,0,0,1,4701
1212,164988,0,0,1,4103
1213,182670,0,1,0,8027
1214,182670,0,0,1,9046
1215,191515,0,0,1,9221
1216,161004,0,0,1,2414
1217,182670,0,0,1,6340
1218,234076,0,0,1,5492
1219,190150,0,0,1,3543
1220,198419,0,0,1,3517
1221,164988,0,0,1,3164
1222,217156,0,0,1,6903
1223,161004,0,0,1,7132
1224,217493,0,0,1,6454
1225,164924,0,0,1,8999
1226,190150,0,0,1,6974
1227,214476,1,0,1,6961
1228,168342,0,0,1,3884
1229,230959,1,0,1,5419
1230,130794,0,0,1,2080
1231,129020,1,1,0,4760
1232,182670,0,1,0,2174
1233,231095,1,0,1,8999
1234,190415,0,0,1,5792
1235,190150,0,0,1,5923
1236,230959,0,0,1,1866
1237,238458,0,0,1,9844
1238,164924,0,0,1,7758
1239,160977,0,0,1,5051
1240,161022,1,0,1,2032
1241,168148,0,0,1,4858
1242,160977,0,0,1,2653
1243,168342,0,1,0,2636
1244,164924,0,0,1,6200
1245,130794,0,0,1,5253
1246,182670,0,1,0,3206
1247,168148,1,0,1,7098
1248,182670,0,0,1,5743
1249,382416,1,0,1,5667
1250,174020,1,0,1,7984
1251,167729,0,0,1,6454
1252,217156,0,0,1,5671
1253,198419,0,0,1,3677
1254,166027,0,0,1,2308
1255,130794,0,0,1,4490
1256,166027,0,1,0,6400
1257,164924,0,0,1,1015
1258,167871,0,0,1,4801
1259,160977,0,0,1,8098
1260,234076,0,0,1,9982
1261,166027,0,0,1,3134
1262,166027,0,0,1,2843
1263,182670,0,1,0,3190
1264,161004,0,0,1,2388
1265,166027,0,1,0,9200
1266,239017,1,1,0,4027
1267,166027,0,0,1,2727
1268,128902,1,0,1,6140
1269,234076,0,0,1,4619
1270,491613,1,0,1,7451
1271,168342,0,0,1,5087
1272,168342,0,0,1,3346
1273,198419,0,1,0,6943
1274,161004,0,0,1,3164
1275,144050,0,1,0,4421
1276,198419,0,0,1,5277
1277,161004,0,0,1,4619
1278,161004,0,0,1,2337
1279,160977,0,0,1,9518
1280,190150,0,0,1,1064
1281,131496,0,0,1,3683
1282,160977,0,0,1,3985
1283,186131,0,0,1,9973
1284,168148,1,0,1,6288
1285,166027,0,0,1,6347
1286,166027,0,0,1,9046
1287,167792,1,0,1,9195
1288,131496,0,0,1,6866
1289,164924,0,0,1,8623
1290,166027,0,1,0,5198
1291,373711,1,0,1,7200
1292,166027,0,0,1,8033
1293,131496,0,0,1,2711
1294,168148,0,0,1,8722
1295,131496,0,0,1,4331
1296,164924,0,0,1,7466
1297,234076,0,0,1,5762
1298,168148,1,0,1,6560
1299,168342,0,0,1,2951
1300,166027,0,0,1,5962
1301,217156,0,1,0,4763
1302,198419,0,1,0,2486
1303,206604,1,0,1,4379
1304,169716,1,0,1,7758
1305,168148,0,0,1,3277
1306,138354,0,0,1,2991
1307,161086,0,0,1,8723
1308,198419,1,0,1,1228
1309,190415,0,1,0,8550
1310,191515,0,0,1,6340
1311,198419,0,0,1,5511
1312,447263,1,0,1,9178
1313,192749,1,0,1,2032
1314,164924,0,0,1,8791
1315,190415,0,0,1,7744
1316,166027,0,0,1,4016
1317,198419,0,0,1,6354
1318,130314,1,0,1,6288
1319,161086,0,0,1,3950
1320,190415,0,1,0,1594
1321,164924,1,0,1,5169
1322,130794,0,0,1,2357
1323,166027,0,0,1,8055
1324,191515,0,0,1,9584
1325,166027,1,1,0,7331
1326,182670,0,0,1,4478
1327,224545,1,0,1,8854
1328,230959,0,0,1,3750
1329,166018,0,0,1,1776
1330,198419,0,0,1,7545
1331,194958,1,1,0,3686
1332,217156,0,0,1,8277
1333,165264,1,0,1,5904
1334,166027,0,1,0,9475
1335,182670,0,0,1,4289
1336,161004,0,0,1,1047
1337,153278,1,0,1,3425
1338,166027,0,0,1,7809
1339,218061,1,0,1,5517
1340,151388,1,1,0,6335
1341,166027,0,0,1,6714
1342,217156,0,0,1,8121
1343,247649,1,0,1,5186
1344,164988,0,0,1,2283
1345,161004,0,0,1,4858
1346,166027,0,1,0,7451
1347,217156,0,0,1,3390
1348,166027,0,0,1,5517
1349,186131,0,0,1,4316
1350,166027,0,0,1,5391
1351,217156,0,0,1,6903
1352,480781,0,0,1,2763
1353,168148,0,1,0,5481
1354,190150,0,1,0,7382
1355,476975,1,0,1,6140
1356,240107,1,0,1,7809
1357,164924,0,0,1,4798
1358,164988,1,0,1,3164
1359,168148,0,0,1,6689
1360,191515,0,0,1,4763
1361,183080,1,0,1,6728
1362,191515,0,0,1,2204
1363,164924,1,0,1,3194
1364,164924,0,0,1,2991
1365,130794,0,0,1,7091
1366,168148,0,0,1,4316
1367,130314,1,0,1,3284
1368,144050,0,0,1,8014
1369,168342,0,0,1,5181
1370,160074,1,0,1,8703
1371,211981,1,0,1,1970
1372,168342,1,0,1,9702
1373,193584,1,0,1,7697
1374,182670,0,0,1,7451
1375,186131,0,0,1,9061
1376,198419,0,1,0,7447
1377,164924,0,0,1,5337
1378,166027,0,0,1,8722
1379,166027,0,0,1,4881
1380,164924,0,0,1,4540
1381,164988,0,0,1,1685
1382,190415,0,0,1,2414
1383,166027,0,1,0,5653
1384,165866,1,0,1,5337
1385,168342,0,0,1,1064
1386,234076,1,0,1,5962
1387,237561,1,0,1,9844
1388,230959,0,0,1,2388
1389,230959,0,0,1,6728
1390,131496,0,0,1,1568
1391,166027,0,0,1,6567
1392,166027,0,1,0,1064
1393,161086,0,0,1,5671
1394,144050,0,1,0,5337
1395,164924,0,1,0,4798
1396,128498,0,0,1,4035
1397,182670,0,0,1,4801
1398,144050,0,1,0,1020
1399,131496,0,0,1,9501
1400,446561,0,0,1,2618
1401,190150,0,0,1,3164
1402,161518,0,0,1,1709
1403,164924,0,0,1,3504
1404,247649,0,1,0,3767
1405,166027,1,0,1,4246
1406,166027,0,0,1,7466
1407,230959,0,0,1,3342
1408,198419,0,0,1,2727
1409,164924,0,0,1,2086
1410,161086,0,0,1,3504
1411,186131,1,0,1,9221
1412,161509,1,1,0,1599
1413,131496,1,0,1,8033
1414,168148,0,0,1,5511
1415,198419,0,0,1,5198
1416,165802,1,0,1,2973
1417,164988,0,0,1,6846
1418,122728,1,0,1,4474
1419,182670,0,0,1,8114
1420,161004,0,0,1,6719
1421,183071,0,0,1,3342
1422,217156,0,0,1,3390
1423,164988,0,0,1,6590
1424,165820,1,0,1,2619
1425,198419,0,0,1,7164
1426,129525,0,0,1,6094
1427,190415,0,0,1,5337
1428,190415,0,0,1,7132
1429,161086,0,0,1,8352
1430,191515,0,0,1,9518
1431,164924,0,0,1,2095
1432,191515,1,0,1,3507
1433,190415,0,0,1,6934
1434,131496,0,0,1,3346
1435,168342,0,0,1,3639
1436,190150,0,0,1,9871
1437,130697,0,0,1,5603
1438,166027,0,0,1,4701
1439,234076,0,0,1,9666
1440,234076,0,0,1,6373
1441,217156,0,0,1,9528
1442,164924,0,0,1,4316
1443,161004,0,0,1,8086
1444,208725,0,0,1,7699
1445,130794,0,0,1,1842
1446,149310,1,0,1,7984
1447,217156,1,0,1,4091
1448,166027,0,0,1,2727
1449,166027,0,0,1,9687
1450,168342,0,0,1,3694
1451,131496,0,0,1,5571
1452,130794,0,1,0,3543
1453,198419,0,0,1,6335
1454,230959,0,0,1,2194
1455,231165,1,0,1,2030
1456,166027,0,0,1,4701
1457,131496,0,0,1,1970
1458,182670,0,0,1,2194
1459,131496,0,0,1,5813
1460,234076,0,0,1,6515
1461,217156,0,1,0,2556
1462,493594,0,0,1,2435
1463,131496,0,0,1,8614
1464,240727,1,0,1,5078
1465,167057,1,0,1,3717
1466,166027,0,0,1,5169
1467,168148,0,0,1,3507
1468,131496,0,0,1,6200
1469,436827,1,0,1,5528
1470,167729,1,0,1,3074
1471,133809,1,0,1,5169
1472,166027,0,1,0,5988
1473,191515,0,0,1,3277
1474,164924,0,0,1,7608
1475,182670,0,0,1,7779
1476,168148,0,0,1,4027
1477,164562,1,0,1,3884
1478,234076,0,0,1,2388
1479,230959,0,0,1,3517
1480,230995,1,0,1,1594
1481,160755,1,0,1,5671
1482,230959,0,0,1,3306
1483,182670,0,0,1,3800
1484,182670,0,0,1,3219
1485,217156,0,0,1,1866
1486,198419,0,0,1,7758
1487,164924,1,0,1,6360
1488,209056,1,0,1,6800
1489,182670,0,0,1,6826
1490,181297,1,1,0,1107
1491,164924,0,0,1,1005
1492,190150,0,0,1,6288
1493,183026,1,0,1,3417
1494,166027,0,1,0,4898
1495,182670,0,1,0,3134
1496,168148,0,0,1,6580
1497,162760,1,0,1,8614
1498,166656,1,0,1,3342
1499,230959,0,0,1,3390
1500,165699,1,0,1,9180
1501,191515,0,0,1,2466
1502,161004,1,0,1,2326
1503,160977,0,0,1,9702
1504,160977,1,0,1,6820
1505,168342,1,1,0,1934
1506,168254,1,0,1,9871
1507,190415,0,0,1,5957
1508,167358,0,0,1,9937
1509,234076,0,0,1,8566
1510,168148,0,0,1,5078
1511,164924,0,0,1,5391
1512,161086,0,0,1,5376
1513,144050,0,0,1,8098
1514,125727,0,1,0,6159
1515,160977,0,0,1,7209
1516,164924,0,0,1,4934
1517,206084,1,0,1,6337
1518,164988,0,0,1,3390
1519,131496,0,0,1,9718
1520,166027,0,0,1,9128
1521,166027,0,0,1,6425
1522,198419,0,0,1,6207
1523,166027,0,0,1,3750
1524,186131,1,1,0,4701
1525,463056,1,0,1,2619
1526,166027,0,0,1,1113
1527,161004,0,0,1,2046
1528,190415,0,0,1,1168
1529,131496,0,0,1,2653
1530,161004,0,0,1,5783
1531,234076,0,0,1,9700
1532,144050,0,0,1,6974
1533,130794,0,1,0,2094
1534,144050,0,0,1,2965
1535,491622,1,0,1,3736
1536,186131,1,1,0,6567
1537,166027,0,0,1,4608
1538,166692,1,0,1,8027
1539,168148,0,0,1,1865
1540,125727,1,0,1,3964
1541,487524,1,0,1,7132
1542,190150,0,0,1,2406
1543,217156,0,0,1,3184
1544,164988,0,0,1,5332
1545,190512,1,0,1,5603
1546,213367,1,0,1,6846
1547,230959,0,0,1,1776
1548,198419,0,0,1,4487
1549,130794,1,0,1,7798
1550,130794,1,0,1,1934
1551,195030,0,0,1,2026
1552,198419,0,0,1,2388
1553,166027,1,0,1,2174
1554,243799,0,0,1,4619
1555,131496,0,0,1,6347
1556,161086,0,0,1,6560
1557,198419,0,0,1,4964
1558,167792,1,0,1,6736
1559,166027,0,1,0,7588
1560,144050,1,0,1,3471
1561,182670,0,0,1,3825
1562,182670,0,1,0,7959
1563,161004,0,0,1,8014
1564,164924,1,0,1,3190
1565,190415,0,0,1,4858
1566,149781,0,0,1,1463
1567,369668,0,0,1,9360
1568,191515,0,0,1,7111
1569,217536,1,0,1,7659
1570,161004,0,0,1,1648
1571,130794,0,0,1,2283
1572,165264,0,0,1,2204
1573,217156,0,0,1,5433
1574,191515,0,0,1,8114
1575,168342,0,0,1,6903
1576,131496,1,0,1,3985
1577,164924,0,0,1,2466
1578,481410,1,1,0,5352
1579,130794,0,0,1,5419
1580,494463,1,0,1,2308
1581,166027,0,0,1,4701
1582,166027,0,0,1,5197
1583,209506,1,0,1,7271
1584,198419,0,0,1,7598
1585,161086,0,0,1,3346
1586,160977,0,0,1,2185
1587,166027,0,1,0,8620
1588,182670,0,0,1,2435
1589,161004,1,0,1,9180
1590,182670,1,1,0,4246
1591,168342,0,1,0,4824
1592,161004,0,1,0,6200
1593,447263,1,1,0,3985
1594,131496,0,0,1,3677
1595,168421,1,0,1,5988
1596,166027,0,0,1,8257
1597,166027,1,0,1,1119
1598,182670,0,0,1,7849
1599,217156,0,0,1,9046
1600,130794,0,0,1,6360
1601,182670,0,0,1,4246
1602,234076,0,0,1,5528
1603,168342,0,0,1,6590
1604,182670,0,0,1,4035
1605,186131,0,0,1,2361
1606,182670,0,0,1,6123
1607,190150,0,0,1,9891
1608,168148,0,0,1,8854
1609,166124,0,1,0,3677
1610,166027,0,0,1,1970
1611,131496,0,0,1,7017
1612,198419,0,0,1,6389
1613,198419,0,0,1,4162
1614,164924,0,0,1,3430
1615,166027,1,0,1,7779
1616,234076,0,0,1,6347
1617,217156,0,0,1,1463
1618,168148,0,0,1,5376
1619,131496,0,0,1,1648
1620,191515,0,1,0,5923
1621,182670,0,0,1,7598
1622,203517,1,0,1,9746
1623,191515,0,0,1,8952
1624,168148,0,0,1,3342
1625,186131,0,0,1,2410
1626,198419,0,0,1,1064
1627,228149,1,0,1,5143
1628,122436,0,0,1,5762
1629,166027,0,0,1,9973
1630,164924,0,0,1,5179
1631,191515,0,0,1,6719
1632,217156,0,0,1,7798
1633,166027,0,0,1,1286
1634,437237,0,0,1,2618
1635,193399,1,1,0,6485
1636,130794,0,0,1,6288
1637,180461,1,1,0,2711
1638,161457,1,0,1,5889
1639,129525,1,0,1,7271
1640,129020,0,0,1,9783
1641,166027,0,0,1,2026
1642,130943,1,0,1,3686
1643,131496,0,1,0,2030
1644,230959,0,1,0,9833
1645,131496,0,0,1,3825
1646,168342,0,0,1,2880
1647,161086,1,0,1,3164
1648,217156,0,0,1,4798
1649,490498,1,0,1,6288
1650,198419,0,0,1,9801
1651,131496,0,1,0,3299
1652,186131,0,0,1,4103
1653,168342,0,0,1,1475
1654,234076,0,0,1,9666
1655,214476,1,0,1,1107
1656,190415,0,0,1,3184
1657,168342,0,0,1,6903
1658,138558,1,0,1,2357
1659,198419,0,0,1,7779
1660,217156,0,0,1,6786
1661,168342,0,0,1,5944
1662,165662,0,0,1,4801
1663,130794,0,0,1,7871
1664,164924,0,0,1,6335
1665,166027,0,0,1,6439
1666,217156,0,0,1,5391
1667,217156,0,1,0,6123
1668,164924,0,0,1,8550
1669,165264,1,0,1,4162
1670,194824,1,1,0,4103
1671,161086,0,1,0,3576
1672,182670,0,0,1,6435
1673,182670,0,0,1,4895
1674,231420,0,0,1,1424
1675,198419,1,1,0,8854
1676,131496,0,0,1,7377
1677,166027,0,0,1,2361
1678,168148,0,0,1,1005
1679,183211,1,0,1,6890
1680,198598,1,0,1,3164
1681,191515,0,1,0,4707
1682,164924,0,0,1,5696
1683,166027,0,0,1,1209
1684,198419,0,0,1,6829
1685,144050,0,1,0,3164
1686,164924,0,0,1,5253
1687,166027,0,0,1,2556
1688,160977,0,0,1,2258
1689,161004,0,0,1,9891
1690,166027,0,0,1,3531
1691,197744,1,0,1,7849
1692,168148,0,0,1,7788
1693,217156,0,0,1,5277
1694,161004,1,0,1,5217
1695,164988,0,0,1,5889
1696,161235,1,0,1,8620
1697,212106,1,1,0,8098
1698,164924,0,1,0,2612
1699,133863,1,0,1,4824
1700,130226,1,0,1,3122
1701,182670,0,0,1,1064
1702,131496,0,0,1,7763
1703,168148,0,0,1,4729
1704,168342,0,0,1,6560
1705,131496,0,0,1,4259
1706,384421,1,0,1,2357
1707,161341,1,1,0,3048
1708,183071,1,0,1,9718
1709,198419,0,1,0,4801
1710,234076,1,1,0,8719
1711,234076,1,0,1,8961
1712,166027,0,0,1,3186
1713,171492,1,0,1,3800
1714,214166,1,0,1,6367
1715,168148,0,0,1,7608
1716,168421,1,0,1,3219
1717,168148,0,0,1,5078
1718,490133,1,0,1,7608
1719,164924,0,0,1,6139
1720,164924,0,0,1,3186
1721,166027,0,0,1,5742
1722,183211,1,0,1,1776
1723,164924,0,1,0,9518
1724,487658,0,0,1,7091
1725,486026,1,0,1,1252
1726,217819,1,1,0,1261
1727,183080,1,0,1,4801
1728,168342,1,0,1,4215
1729,190415,0,0,1,2032
1730,488785,1,0,1,3299
1731,164988,0,0,1,5277
1732,161004,0,0,1,2258
1733,144050,0,0,1,6543
1734,168342,0,0,1,9905
1735,166027,0,0,1,3683
1736,106412,1,0,1,5923
1737,191515,0,0,1,9973
1738,164924,1,0,1,2174
1739,130794,0,0,1,6439
1740,164924,0,0,1,4189
1741,131496,0,0,1,4953
1742,217156,0,0,1,1252
1743,164924,0,0,1,7209
1744,166027,0,0,1,9783
1745,130226,1,0,1,2337
1746,191515,0,0,1,6945
1747,230959,0,0,1,7075
1748,160977,0,0,1,2794
1749,186131,0,0,1,6786
1750,234076,0,0,1,3750
1751,182670,0,0,1,3074
1752,198419,0,0,1,9269
1753,217156,0,0,1,3825
1754,167057,1,0,1,5957
1755,130794,0,1,0,2843
1756,165936,0,0,1,7849
1757,131496,0,0,1,6400
1758,198419,0,0,1,2080
1759,161004,0,0,1,5944
1760,164988,0,0,1,9221
1761,230889,1,0,1,6207
1762,482431,0,0,1,4798
1763,191515,0,0,1,8796
1764,161004,0,0,1,5653
1765,217156,0,0,1,9046
1766,131496,0,1,0,9846
1767,128744,1,0,1,5143
1768,130794,0,0,1,8114
1769,198419,1,0,1,2951
1770,182670,0,0,1,6820
1771,168342,0,0,1,6360
1772,161004,0,0,1,3425
1773,161004,0,1,0,5813
1774,168342,0,0,1,7075
1775,168342,0,1,0,9687
1776,164739,1,0,1,9374
1777,167792,1,0,1,1136
1778,168342,0,0,1,2486
1779,230959,0,0,1,1534
1780,186131,0,0,1,3717
1781,234076,0,0,1,8936
1782,130314,1,0,1,4331
1783,182670,0,0,1,8936
1784,161086,1,0,1,3483
1785,129215,0,0,1,3603
1786,217156,0,0,1,9415
1787,131469,0,0,1,4091
1788,182670,0,0,1,4608
1789,131496,1,1,0,6665
1790,198419,0,0,1,1125
1791,194958,1,0,1,2711
1792,168148,0,0,1,1867
1793,230959,0,0,1,5529
1794,210669,0,0,1,2373
1795,161086,0,0,1,9746
1796,166027,1,0,1,3507
1797,166027,0,0,1,2412
1798,164988,0,0,1,7798
1799,168342,1,0,1,6958
1800,161004,0,0,1,5743
1801,168342,0,0,1,7659
1802,198419,0,0,1,8999
1803,190415,0,0,1,5169
1804,168342,0,0,1,2388
1805,161086,0,0,1,2388
1806,131496,0,0,1,6354
1807,130794,0,0,1,2361
1808,167394,1,0,1,3677
1809,160977,0,0,1,1116
1810,167835,0,0,1,7959
1811,129941,0,0,1,9937
1812,168342,0,0,1,3430
1813,164924,0,1,0,5253
1814,172033,1,0,1,9046
1815,168148,0,0,1,7098
1816,164924,0,0,1,1064
1817,144050,0,1,0,9521
1818,130794,0,0,1,7451
1819,161004,0,1,0,7200
1820,217156,0,0,1,5376
1821,203544,0,0,1,2259
1822,164924,0,0,1,6009
1823,168342,0,0,1,2337
1824,114354,0,0,1,2414
1825,131496,0,0,1,6943
1826,217156,0,0,1,1376
1827,168342,0,0,1,2059
1828,168342,0,1,0,3483
1829,160977,0,0,1,5528
1830,139861,1,0,1,6786
1831,113582,1,0,1,7763
1832,191515,0,1,0,8703
1833,431266,1,0,1,6866
1834,182670,0,0,1,6567
1835,168148,1,0,1,9746
1836,217156,0,0,1,6961
1837,247773,0,0,1,1376
1838,161004,0,0,1,2412
1839,217156,0,0,1,6439
1840,161004,0,0,1,2417
1841,166027,0,0,1,4934
1842,182670,0,0,1,7588
1843,217156,0,1,0,7984
1844,182670,0,0,1,2086
1845,198419,0,1,0,4964
1846,182670,0,0,1,3342
1847,164988,0,0,1,3190
1848,166452,1,0,1,8279
1849,131496,0,0,1,7158
1850,164924,0,0,1,2307
1851,234076,0,0,1,4619
1852,130794,0,0,1,2417
1853,161004,0,1,0,3219
1854,217156,0,0,1,1501
1855,191515,0,0,1,2609
1856,216597,0,0,1,8158
1857,165024,0,0,1,6934
1858,161086,0,0,1,5444
1859,166027,0,0,1,6274
1860,198419,0,0,1,2357
1861,234076,1,1,0,2188
1862,234076,0,0,1,8293
1863,161004,0,0,1,1568
1864,130776,1,0,1,1116
1865,230959,0,0,1,4016
1866,168148,0,0,1,6560
1867,164924,1,0,1,3190
1868,217156,0,0,1,2973
1869,217156,0,0,1,9659
1870,164988,0,0,1,4707
1871,164924,0,0,1,9700
1872,230959,0,0,1,3186
1873,183026,1,0,1,1125
1874,164614,1,0,1,4858
1875,198419,0,0,1,7758
1876,164924,0,1,0,9497
1877,230959,0,0,1,8257
1878,166027,0,0,1,4379
1879,239318,1,1,0,3717
1880,164924,0,0,1,5889
1881,168342,0,0,1,6111
1882,231095,1,0,1,2308
1883,182670,0,1,0,1168
1884,231059,1,0,1,5743
1885,230852,0,0,1,2086
1886,166027,0,0,1,9700
1887,217156,0,1,0,9783
1888,161086,0,0,1,5481
1889,168342,1,0,1,4421
1890,168342,0,0,1,2556
1891,164924,0,1,0,7466
1892,144050,0,0,1,7447
1893,217156,0,0,1,6590
1894,190415,0,0,1,5696
1895,166027,0,0,1,7849
1896,166027,0,0,1,7209
1897,166027,0,0,1,4707
1898,182670,0,0,1,6360
1899,166939,1,0,1,4461
1900,164924,0,0,1,1970
1901,168342,0,0,1,1015
1902,130794,0,1,0,8405
1903,198419,0,0,1,5391
1904,131496,0,0,1,7758
1905,160977,0,0,1,6123
1906,166027,0,0,1,2337
1907,198419,0,0,1,7788
1908,222178,1,1,0,9415
1909,190150,0,0,1,6140
1910,166027,0,0,1,7779
1911,190415,0,1,0,2967
1912,182670,0,0,1,6567
1913,217536,1,0,1,9891
1914,166027,0,0,1,5962
1915,482556,1,0,1,7548
1916,166027,0,0,1,6009
1917,166027,0,1,0,4331
1918,230959,0,0,1,2466
1919,167871,0,0,1,3206
1920,231095,1,0,1,3517
1921,166027,0,0,1,3122
1922,166027,1,0,1,3736
1923,161004,0,0,1,7871
1924,191515,1,1,0,2882
1925,164924,1,0,1,7209
1926,166638,1,0,1,9702
1927,164924,0,0,1,3767
1928,190150,0,0,1,3206
1929,228459,1,0,1,8623
1930,219903,1,0,1,1215
1931,130794,0,0,1,6496
1932,131496,0,0,1,5620
1933,217156,0,0,1,4798
1934,230959,1,0,1,5384
1935,130794,0,0,1,4763
1936,216764,1,1,0,4289
1937,198419,0,0,1,6124
1938,191515,0,0,1,5483
1939,144050,0,0,1,6728
1940,213987,1,1,0,4561
1941,161086,0,0,1,2794
1942,144050,0,1,0,2204
1943,168342,0,0,1,5762
1944,164924,0,1,0,2865
1945,143048,1,0,1,6389
1946,182670,0,0,1,4964
1947,191515,0,0,1,7075
1948,168342,0,0,1,9718
1949,168148,0,0,1,9833
1950,182670,0,0,1,1842
1951,230959,0,1,0,3277
1952,198419,0,0,1,2951
1953,198419,0,0,1,4461
1954,164924,0,0,1,9495
1955,131496,0,0,1,9178
1956,161004,0,0,1,5087
1957,131496,0,0,1,4792
1958,399911,1,1,0,9326
1959,217156,0,0,1,6943
1960,165662,1,0,1,7849
1961,161086,0,0,1,1297
1962,133881,1,0,1,9846
1963,164924,0,1,0,1159
1964,497213,1,0,1,6665
1965,230959,0,1,0,9782
1966,168342,0,0,1,3306
1967,217156,0,0,1,6645
1968,168148,0,1,0,3515
1969,166027,0,0,1,1685
1970,243780,0,0,1,1284
1971,182670,1,0,1,1709
1972,191515,1,0,1,8796
1973,164988,0,1,0,7540
1974,144050,0,1,0,5217
1975,234076,0,0,1,3717
1976,161004,1,0,1,6274
1977,168148,0,0,1,1776
1978,160977,0,0,1,3677
1979,167996,1,1,0,9012
1980,131496,1,0,1,3460
1981,166027,0,0,1,5783
1982,161457,1,0,1,2194
1983,161004,0,0,1,2991
1984,217156,0,0,1,9982
1985,166027,0,0,1,4729
1986,164924,0,0,1,7548
1987,190415,0,1,0,4969
1988,164924,0,0,1,6432
1989,211024,1,0,1,5696
1990,186131,0,0,1,4331
1991,191515,0,0,1,6866
1992,168342,0,0,1,1107
1993,161004,0,0,1,7271
1994,211635,0,0,1,7681
1995,168148,1,0,1,7608
1996,161004,0,0,1,6389
1997,168342,0,0,1,7377
1998,445692,1,0,1,5391
1999,217156,0,0,1,5889
2000,234076,0,0,1,3736
2001,168254,1,0,1,2727
2002,161086,0,0,1,3342
2003,130794,0,0,1,8723
2004,186131,0,0,1,7017
2005,165936,0,0,1,4858
2006,166027,0,0,1,7132
2007,191515,0,0,1,7718
2008,144050,0,0,1,8086
2009,168342,1,0,1,4189
2010,168342,0,0,1,8798
2011,230959,1,0,1,3134
2012,166027,0,0,1,8121
2013,166027,0,0,1,8620
2014,166027,0,1,0,9800
2015,217156,0,0,1,1501
2016,191515,0,1,0,2075
2017,164924,0,0,1,3964
2018,131496,0,0,1,3284
2019,190415,0,0,1,5337
2020,165060,0,1,0,5827
2021,190415,0,0,1,4896
2022,160977,0,0,1,6906
2023,198419,0,1,0,7598
2024,182670,0,0,1,5305
2025,182670,0,0,1,1047
2026,229018,1,0,1,4501
2027,191515,0,0,1,1842
2028,164924,0,0,1,3091
2029,168148,0,0,1,3543
2030,190415,0,0,1,3686
2031,161004,0,0,1,2857
2032,182670,0,1,0,6444
2033,186131,0,0,1,9291
2034,160977,0,0,1,6124
2035,168148,1,0,1,5444
2036,230959,1,0,1,8121
2037,217156,0,0,1,2417
2038,168342,0,0,1,5197
2039,182670,0,0,1,7871
2040,190150,0,0,1,8854
2041,217156,0,1,0,7298
2042,161086,0,0,1,2326
2043,164924,0,0,1,5792
2044,161004,0,0,1,3736
2045,145372,1,0,1,6665
2046,164924,0,0,1,8722
2047,217156,1,0,1,5944
2048,130493,1,0,1,4608
2049,129774,1,0,1,1709
2050,166027,0,0,1,8723
2051,218061,1,0,1,7017
2052,186131,0,0,1,5384
2053,161004,0,0,1,5889
2054,236452,1,0,1,4934
2055,198419,1,0,1,4619
2056,161004,0,0,1,3750
2057,198419,0,0,1,1376
2058,130794,0,1,0,1005
2059,164988,0,0,1,7697
2060,183062,1,1,0,1972
2061,170976,0,0,1,2188
2062,161086,1,0,1,3664
2063,234076,1,0,1,5444
2064,131496,0,0,1,7447
2065,168342,0,0,1,5620
2066,166027,0,0,1,1015
2067,217156,0,1,0,5742
2068,166027,0,0,1,1107
2069,161086,1,0,1,7681
2070,131496,0,0,1,8999
2071,190415,0,1,0,4564
2072,168342,1,0,1,2337
2073,161086,0,0,1,9012
2074,190415,0,1,0,8464
2075,217156,0,0,1,5007
2076,166027,0,0,1,8722
2077,164924,0,0,1,5305
2078,182670,0,0,1,2951
2079,214740,1,0,1,6590
2080,191515,0,0,1,5483
2081,164924,1,0,1,2259
2082,198419,0,1,0,7809
2083,126818,1,0,1,1776
2084,198419,0,0,1,5792
2085,191515,0,0,1,4749
2086,209551,1,0,1,9221
2087,166027,0,0,1,3277
2088,166027,0,0,1,2486
2089,153375,1,0,1,5813
2090,166027,0,0,1,6400
2091,198419,0,0,1,1867
2092,230959,0,0,1,2326
2093,190415,0,0,1,9584
2094,182670,0,0,1,4896
2095,234076,0,0,1,8114
2096,230959,0,0,1,8293
2097,190415,0,0,1,1125
2098,164988,0,0,1,5990
2099,198419,0,0,1,6665
2100,166629,1,0,1,9891
2101,198419,0,0,1,7798
2102,161004,0,0,1,7382
2103,166124,1,0,1,1914
2104,211024,1,0,1,4123
2105,182670,0,0,1,5731
2106,147536,1,0,1,1116
2107,156213,1,0,1,8114
2108,164924,0,0,1,6094
2109,182670,0,0,1,6186
2110,166027,0,1,0,3884
2111,168342,0,0,1,5376
2112,217156,0,0,1,2388
2113,166027,0,0,1,6444
2114,166027,0,0,1,4027
2115,217156,0,0,1,3683
2116,161235,1,0,1,6400
2117,194958,1,0,1,5087
2118,191515,0,0,1,5169
2119,131496,0,0,1,2080
2120,166027,0,0,1,8033
2121,161004,0,0,1,9475
2122,164924,0,0,1,5475
2123,234076,0,0,1,8614
2124,131496,0,1,0,6504
2125,162928,0,0,1,9659
2126,160977,0,0,1,5783
2127,161563,1,0,1,7229
2128,230959,0,0,1,8566
2129,182670,0,0,1,6903
2130,198419,0,0,1,3694
2131,182670,0,0,1,7588
2132,161086,1,0,1,7809
2133,161004,0,0,1,6719
2134,191515,0,0,1,5529
2135,130794,0,0,1,2133
2136,161086,0,0,1,6186
2137,182670,0,1,0,1286
2138,449612,1,0,1,5444
2139,166027,0,0,1,7164
2140,144050,0,0,1,2501
2141,210146,1,0,1,6485
2142,198419,0,1,0,9112
2143,164924,0,0,1,3964
2144,161086,0,0,1,3349
2145,198419,0,0,1,1475
2146,161004,0,0,1,9687
2147,130794,0,0,1,7871
2148,190691,0,1,0,6846
2149,131496,0,0,1,9415
2150,164988,0,1,0,5944
2151,232618,1,0,1,8464
2152,166027,0,0,1,9746
2153,234076,0,0,1,6454
2154,234076,0,0,1,6094
2155,487658,0,0,1,5492
2156,230959,1,0,1,3694
2157,230816,1,0,1,7200
2158,186131,0,1,0,6439
2159,217156,0,0,1,8700
2160,186131,1,0,1,1119
2161,161086,0,0,1,7229
2162,234076,0,0,1,7744
2163,144050,1,0,1,5762
2164,190415,1,0,1,7871
2165,164924,0,0,1,3768
2166,230959,0,0,1,2412
2167,190415,1,1,0,4379
2168,198419,0,0,1,2133
2169,164924,0,0,1,8961
2170,161563,1,0,1,6274
2171,182670,0,1,0,5179
2172,161086,0,0,1,2843
2173,164924,0,0,1,3342
2174,148405,0,0,1,3686
2175,131496,1,0,1,4105
2176,164924,1,0,1,3134
2177,161004,0,0,1,1228
2178,230959,0,0,1,6374
2179,164580,1,1,0,5277
2180,131496,0,0,1,5957
2181,164988,0,0,1,9891
2182,164924,0,0,1,2882
2183,131496,0,0,1,3186
2184,168342,0,1,0,5143
2185,131496,0,1,0,3504
2186,217156,0,0,1,4707
2187,130794,0,0,1,9891
2188,190415,0,0,1,2086
2189,217156,0,0,1,3800
2190,161004,1,0,1,6159
2191,192712,0,0,1,5653
2192,191515,0,1,0,2026
2193,234076,0,0,1,7098
2194,166027,0,0,1,2727
2195,198419,0,0,1,4798
2196,190150,0,0,1,9518
2197,441982,0,1,0,4826
2198,160621,0,0,1,7871
2199,194578,0,0,1,5988
2200,161004,0,0,1,3417
2201,144050,0,0,1,8798
2202,190415,0,0,1,2736
2203,164924,0,0,1,6719
2204,161004,0,1,0,1685
2205,164924,0,0,1,4189
2206,217156,0,0,1,1709
2207,123280,1,0,1,8248
2208,125763,1,0,1,1175
2209,199157,1,0,1,2417
2210,161004,0,0,1,5731
2211,159009,1,0,1,4474
2212,183044,1,0,1,3460
2213,166027,0,0,1,1534
2214,131496,0,0,1,2727
2215,234076,0,0,1,6340
2216,137953,1,0,1,3436
2217,182670,0,0,1,3800
2218,198419,0,0,1,1047
2219,166027,0,0,1,6467
2220,148131,0,0,1,1175
2221,144050,0,0,1,6961
2222,166027,0,0,1,1867
2223,190415,0,0,1,3430
2224,182670,1,0,1,4478
2225,230852,1,1,0,2194
2226,130794,0,0,1,2357
2227,217721,1,0,1,1284
2228,161086,0,0,1,3531
2229,164924,0,0,1,2435
2230,217493,0,0,1,4379
2231,198419,0,0,1,9843
2232,168148,0,0,1,4331
2233,145336,1,0,1,1806
2234,190415,0,0,1,3471
2235,182670,0,0,1,6485
2236,186131,0,0,1,5492
2237,164988,0,0,1,3206
2238,168342,0,0,1,1116
2239,130794,0,0,1,9128
2240,144050,0,0,1,2059
2241,191515,0,0,1,3417
2242,182670,0,0,1,5988
2243,130794,0,1,0,6288
2244,234076,0,0,1,6567
2245,164614,1,0,1,3417
2246,260813,1,0,1,4224
2247,217156,0,0,1,2209
2248,186131,0,0,1,6140
2249,164988,0,0,1,6367
2250,163268,1,1,0,8168
2251,217156,0,0,1,5731
2252,230959,0,1,0,3091
2253,164924,0,0,1,5384
2254,230852,1,0,1,2373
2255,190150,0,0,1,8620
2256,160977,0,1,0,4476
2257,497268,1,0,1,6890
2258,164924,1,0,1,3430
2259,182634,1,0,1,5376
2260,186131,0,0,1,8703
2261,191515,0,0,1,4474
2262,161518,1,1,0,6496
2263,217156,0,0,1,9982
2264,234076,0,0,1,1113
2265,164924,0,0,1,4359
2266,182670,0,0,1,5337
2267,191515,0,0,1,4801
2268,230959,0,0,1,2843
2269,161086,0,0,1,3543
2270,190415,0,0,1,1475
2271,168342,0,0,1,4540
2272,230959,0,0,1,1648
2273,230959,1,0,1,4801
2274,164924,1,0,1,7229
2275,166027,0,0,1,6504
2276,217998,0,0,1,1284
2277,217721,1,0,1,9937
2278,486017,1,1,0,5137
2279,168148,0,0,1,2373
2280,164924,0,1,0,6425
2281,197142,0,0,1,5827
2282,217156,0,0,1,4934
2283,190415,0,0,1,1709
2284,191515,0,0,1,4421
2285,164924,0,1,0,2586
2286,166027,0,0,1,3677
2287,217156,0,0,1,1284
2288,191515,0,0,1,9846
2289,160977,0,0,1,5743
2290,198613,1,0,1,2046
2291,451404,1,0,1,1116
2292,161004,0,0,1,8614
2293,182670,0,0,1,4921
2294,164924,0,0,1,4608
2295,168342,0,0,1,6496
2296,131496,0,0,1,2763
2297,168342,0,0,1,1015
2298,476975,1,0,1,2865
2299,463056,1,0,1,6719
2300,482574,0,1,0,6337
2301,161004,0,0,1,5391
2302,166027,0,0,1,8952
2303,186399,1,0,1,4881
2304,217156,0,0,1,7298
2305,190415,0,0,1,2183
2306,454236,1,0,1,3504
2307,234076,0,0,1,3186
2308,107983,1,0,1,1501
2309,164924,1,0,1,2410
2310,234076,0,0,1,7598
2311,182670,0,0,1,8114
2312,483036,1,0,1,1263
2313,166027,0,0,1,6496
2314,217156,0,1,0,9973
2315,105330,1,1,0,1463
2316,161086,0,0,1,5944
2317,168342,0,0,1,5957
2318,164924,0,1,0,1350
2319,168148,0,0,1,8999
2320,217156,0,0,1,7887
2321,131496,1,0,1,5277
2322,214713,1,0,1,4921
2323,131496,0,0,1,5923
2324,190150,0,0,1,4898
2325,161086,0,0,1,8005
2326,164739,0,0,1,8550
2327,215929,0,1,0,9702
2328,164924,0,0,1,4501
2329,168148,0,0,1,4824
2330,182634,0,0,1,2501
2331,144050,0,0,1,4105
2332,190415,1,0,1,4105
2333,186131,0,0,1,2357
2334,230959,0,0,1,3884
2335,130794,0,0,1,4103
2336,166027,0,0,1,4215
2337,161086,0,0,1,2435
2338,110370,0,0,1,8796
2339,131520,0,0,1,7699
2340,186131,0,0,1,5179
2341,164924,0,0,1,3677
2342,130493,1,0,1,1261
2343,217156,0,0,1,9666
2344,444413,1,1,0,8055
2345,198419,0,0,1,7451
2346,230959,0,1,0,7017
2347,166027,0,0,1,9718
2348,131496,0,0,1,5384
2349,166027,0,1,0,6124
2350,164988,1,0,1,6943
2351,166027,0,0,1,8257
2352,164924,0,0,1,6360
2353,161004,0,0,1,2967
2354,217156,0,0,1,8005
2355,230959,0,0,1,6123
2356,186131,0,0,1,2763
2357,186131,0,0,1,5210
2358,217156,0,1,0,6700
2359,451413,1,0,1,4801
2360,166027,0,0,1,5391
2361,217156,0,0,1,3517
2362,130794,0,0,1,3048
2363,161086,0,0,1,5667
2364,164988,0,0,1,9833
2365,198419,0,1,0,1970
2366,166027,0,0,1,6335
2367,131496,0,1,0,7758
2368,161004,0,0,1,1464
2369,127556,1,0,1,5571
2370,165802,1,0,1,1970
2371,164924,0,0,1,5517
2372,217156,0,0,1,3277
2373,131496,0,0,1,3504
2374,168342,0,0,1,2736
2375,130794,0,0,1,1297
2376,168740,1,0,1,3736
2377,168342,0,0,1,6683
2378,190415,0,1,0,2417
2379,131496,0,0,1,6556
2380,166027,0,0,1,8554
2381,164924,0,0,1,3515
2382,166027,0,0,1,6665
2383,161086,0,0,1,7718
2384,165820,1,0,1,7518
2385,234076,1,0,1,8722
2386,176035,1,1,0,3964
2387,164924,1,0,1,9982
2388,166638,1,1,0,3950
2389,180692,1,0,1,5332
2390,166027,0,0,1,3091
2391,190415,1,0,1,3425
2392,217156,0,0,1,2727
2393,217156,1,0,1,5178
2394,160977,0,0,1,3985
2395,157447,1,0,1,8952
2396,443261,1,0,1,7518
2397,221971,1,0,1,3750
2398,168342,0,0,1,9800
2399,186131,0,0,1,1297
2400,164988,0,0,1,6504
2401,144050,0,0,1,6094
2402,191515,1,0,1,8550
2403,166027,0,0,1,3346
2404,190415,0,0,1,5217
2405,164447,1,0,1,1015
2406,230959,0,0,1,1263
2407,217156,0,1,0,9178
2408,164924,0,0,1,1914
2409,182670,0,0,1,5210
2410,234076,0,0,1,7075
2411,459949,1,0,1,2727
2412,214670,1,0,1,5667
2413,164924,0,0,1,1116
2414,144050,0,0,1,5376
2415,164924,0,0,1,2326
2416,218681,1,0,1,6820
2417,216524,1,0,1,4162
2418,168342,0,0,1,2259
2419,167260,1,0,1,4933
2420,128771,1,0,1,9269
2421,161004,0,1,0,9046
2422,234076,0,0,1,2410
2423,191515,0,0,1,9475
2424,131496,0,0,1,6354
2425,230959,0,0,1,6111
2426,160977,0,0,1,2556
2427,164924,0,0,1,4619
2428,217156,0,0,1,9844
2429,164988,0,0,1,4490
2430,230959,0,0,1,5529
2431,190415,0,0,1,6347
2432,198419,0,1,0,9880
2433,182670,0,0,1,9871
2434,186131,0,0,1,4953
2435,168148,0,0,1,7887
2436,234076,0,0,1,3768
2437,230959,0,1,0,5169
2438,161004,0,0,1,5620
2439,191515,1,0,1,8854
2440,161004,1,0,1,3483
2441,234076,0,0,1,1116
2442,230959,0,0,1,2337
2443,164562,1,0,1,9291
2444,182670,0,1,0,2258
2445,166027,0,0,1,9702
2446,164924,0,0,1,9746
2447,200785,1,0,1,5667
2448,161004,0,0,1,5603
2449,217156,0,0,1,9666
2450,196121,1,0,1,2967
2451,130794,0,0,1,6159
2452,220978,0,0,1,4105
2453,161086,0,0,1,5391
2454,166027,0,1,0,5892
2455,182670,0,0,1,2337
2456,166027,0,0,1,1297
2457,190150,0,0,1,8999
2458,165060,0,0,1,1463
2459,214175,1,0,1,9973
2460,168421,1,0,1,8722
2461,166027,0,0,1,3284
2462,160977,0,0,1,3346
2463,128391,1,0,1,3342
2464,230959,0,0,1,1261
2465,161004,1,0,1,1113
2466,130794,0,0,1,9859
2467,161086,0,0,1,1228
2468,168342,0,0,1,6560
2469,219949,1,0,1,1263
2470,160977,0,0,1,4934
2471,168148,0,1,0,6890
2472,164988,0,0,1,8277
2473,161086,0,0,1,1970
2474,384421,1,0,1,3436
2475,230959,1,0,1,6906
2476,168342,0,0,1,4224
2477,166027,0,0,1,3277
2478,190415,0,0,1,6367
2479,190415,0,0,1,5078
2480,131496,0,1,0,6367
2481,156286,1,0,1,3694
2482,180416,1,0,1,7788
2483,166027,1,1,0,7871
2484,164924,0,0,1,2882
2485,144050,0,0,1,4259
2486,168148,0,0,1,8158
2487,166027,0,1,0,3342
2488,168342,0,0,1,1252
2489,166027,0,1,0,5792
2490,460349,1,0,1,6337
2491,192785,1,0,1,7788
2492,217156,0,0,1,3184
2493,164562,0,0,1,6560
2494,169576,1,0,1,5988
2495,190150,0,1,0,8279
2496,217156,1,0,1,4940
2497,166027,0,0,1,4896
2498,161086,0,0,1,4619
2499,230959,0,0,1,6123
2500,190415,0,1,0,1709
2501,130794,0,0,1,2727
2502,234076,1,0,1,4792
2503,161004,0,0,1,5511
2504,239716,1,0,1,7959
2505,191515,0,0,1,6200
2506,182670,0,0,1,3515
2507,217420,1,1,0,4608
2508,230959,0,0,1,7200
2509,217156,0,0,1,1424
2510,164465,0,0,1,2882
2511,120403,1,1,0,6866
2512,160065,1,0,1,7298
2513,168148,0,0,1,8086
2514,230959,0,0,1,3964
2515,182670,0,0,1,1970
2516,160977,0,0,1,2209
2517,217156,0,0,1,3091
2518,120883,1,1,0,4540
2519,168148,0,1,0,6111
2520,441900,1,0,1,7798
2521,144050,0,0,1,4091
2522,182670,0,0,1,4561
2523,190150,0,0,1,3349
2524,166027,0,0,1,8719
2525,230047,1,0,1,1867
2526,217156,0,0,1,3483
2527,198419,0,0,1,5433
2528,234076,0,0,1,9178
2529,164924,0,0,1,8584
2530,165529,1,0,1,5529
2531,182670,0,0,1,8722
2532,168342,0,0,1,2466
2533,168342,0,1,0,1015
2534,164988,0,0,1,7451
2535,166027,0,0,1,4189
2536,182670,0,0,1,1047
2537,160977,1,1,0,5007
2538,164988,0,0,1,1594
2539,166027,0,0,1,2373
2540,131496,0,0,1,3683
2541,168148,0,0,1,6683
2542,217156,0,0,1,9221
2543,165644,1,0,1,6400
2544,160977,0,1,0,8700
2545,168342,0,0,1,6826
2546,217156,0,0,1,7963
2547,230959,0,0,1,7763
2548,166027,0,1,0,2406
2549,160959,1,0,1,7699
2550,164988,0,0,1,1866
2551,211273,0,0,1,5653
2552,183044,1,1,0,3825
2553,439701,1,0,1,1064
2554,161004,0,1,0,2857
2555,198419,0,0,1,6367
2556,144050,0,0,1,5419
2557,186131,0,0,1,9666
2558,217156,0,0,1,3683
2559,182670,0,0,1,4729
2560,230959,0,0,1,6159
2561,160977,1,0,1,6760
2562,161004,0,0,1,3180
2563,144050,0,0,1,3964
2564,164924,0,0,1,9415
2565,186131,0,0,1,6159
2566,164924,0,0,1,9118
2567,131496,1,0,1,6159
2568,190150,0,1,0,4858
2569,198419,0,0,1,7887
2570,182670,0,0,1,8554
2571,198419,0,0,1,6337
2572,168148,0,0,1,7158
2573,182670,0,0,1,9871
2574,186131,0,0,1,5571
2575,182670,1,0,1,6786
2576,217156,0,0,1,6556
2577,164988,0,1,0,5889
2578,166027,0,0,1,1136
2579,129941,1,0,1,9687
2580,212197,1,1,0,6903
2581,230959,0,0,1,7382
2582,191968,0,0,1,7697
2583,217156,0,0,1,2026
2584,131496,0,0,1,5051
2585,190150,0,0,1,1865
2586,230959,0,0,1,4540
2587,232308,1,0,1,5827
2588,161004,0,0,1,9178
2589,184773,1,0,1,5990
2590,198419,0,0,1,1020
2591,161022,1,0,1,9374
2592,182670,0,0,1,9584
2593,114354,1,1,0,1914
2594,161004,0,0,1,7111
2595,190415,0,0,1,2059
2596,183026,1,0,1,2412
2597,190415,0,0,1,5923
2598,196413,1,0,1,3664
2599,190415,0,0,1,4027
2600,131496,1,0,1,3417
2601,164924,0,0,1,4379
2602,230959,0,0,1,8279
2603,166027,0,1,0,5667
2604,131496,0,0,1,8293
2605,168342,0,0,1,2618
2606,164924,1,0,1,6846
2607,234076,0,0,1,4701
2608,168342,0,0,1,1047
2609,144050,0,1,0,4571
2610,144050,0,0,1,6934
2611,168148,0,0,1,1860
2612,190415,0,0,1,5603
2613,166027,0,0,1,4123
2614,230959,0,0,1,3639
2615,182670,0,0,1,6786
2616,168148,0,0,1,8248
2617,182670,0,0,1,6689
2618,164447,1,0,1,9905
2619,234076,0,0,1,3425
2620,168342,1,0,1,3091
2621,234076,0,0,1,3460
2622,198419,0,0,1,3164
2623,190415,0,0,1,2183
2624,198419,0,0,1,1534
2625,193609,1,1,0,3740
2626,182670,0,0,1,6124
2627,166027,0,1,0,2609
2628,205957,1,0,1,5715
2629,160612,1,1,0,1263
2630,166027,0,0,1,2609
2631,166939,0,0,1,6425
2632,164924,0,1,0,1860
2633,190415,0,0,1,8158
2634,182670,0,1,0,6736
2635,168342,0,0,1,6934
2636,131496,0,1,0,6689
2637,230816,0,0,1,7017
2638,230959,0,0,1,9360
2639,137032,0,0,1,7111
2640,217156,0,0,1,1215
2641,191515,0,0,1,6186
2642,198419,0,0,1,5492
2643,164924,1,0,1,2973
2644,182670,0,0,1,3186
2645,130314,0,0,1,5376
2646,142090,1,0,1,9269
2647,198419,0,0,1,4729
2648,190415,0,0,1,5511
2649,186131,0,0,1,5715
2650,195720,1,0,1,4760
2651,168148,0,1,0,4567
2652,493479,1,0,1,5078
2653,232265,1,0,1,5143
2654,164924,0,0,1,8027
2655,190415,0,0,1,8999
2656,217156,0,0,1,5391
2657,182670,0,1,0,8566
2658,190150,0,0,1,7164
2659,131496,0,0,1,9495
2660,198419,0,0,1,6958
2661,144050,0,0,1,5696
2662,231095,1,0,1,2417
2663,217156,0,1,0,2991
2664,102234,1,0,1,2612
2665,101879,0,0,1,2727
2666,168342,0,1,0,7548
2667,166027,0,0,1,6866
2668,190150,0,0,1,9846
2669,191515,0,0,1,1501
2670,160977,0,0,1,7984
2671,230959,0,0,1,2030
2672,198419,0,0,1,8005
2673,217156,0,1,0,4259
2674,166027,0,0,1,4123
2675,168148,0,0,1,3314
2676,131496,1,1,0,8723
2677,168342,0,0,1,7758
2678,217156,0,0,1,6974
2679,168342,0,0,1,6288
2680,182917,1,0,1,7567
2681,418524,1,0,1,2794
2682,186131,0,0,1,1524
2683,190415,0,0,1,9844
2684,129774,1,1,0,5391
2685,182670,0,1,0,6106
2686,481225,1,0,1,1463
2687,166629,1,0,1,6111
2688,128744,1,0,1,4123
2689,165866,0,0,1,6009
2690,497824,1,0,1,2417
2691,164924,0,0,1,1273
2692,234076,0,0,1,7699
2693,166027,0,0,1,5957
2694,230959,0,0,1,3686
2695,161086,0,0,1,5892
2696,182670,0,0,1,6714
2697,166027,0,0,1,4561
2698,160977,0,0,1,4953
2699,217235,1,1,0,9195
2700,164988,1,0,1,2357
2701,131496,0,1,0,8791
2702,198419,1,0,1,2080
2703,190637,0,0,1,5984
2704,182670,0,0,1,3417
2705,198419,0,0,1,6543
2706,166027,0,1,0,7779
2707,234076,0,0,1,8623
2708,198507,1,0,1,3417
2709,234076,0,0,1,5391
2710,220473,1,0,1,5492
2711,190415,0,0,1,3314
2712,183026,1,0,1,8121
2713,161004,0,0,1,6389
2714,164748,0,0,1,6496
2715,182670,0,0,1,5603
2716,186131,0,0,1,3483
2717,164924,0,0,1,8121
2718,182670,0,0,1,2880
2719,164924,0,1,0,5762
2720,230959,1,1,0,3349
2721,168342,0,0,1,8033
2722,165936,0,0,1,5179
2723,164924,1,0,1,9973
2724,190752,1,0,1,2308
2725,190415,0,0,1,3483
2726,168342,0,0,1,3531
2727,130794,1,1,0,8798
2728,217156,0,0,1,7963
2729,168148,0,0,1,9475
2730,230959,0,0,1,3603
2731,230959,1,0,1,3768
2732,182670,0,0,1,4763
2733,164924,0,0,1,8257
2734,164924,0,0,1,8139
2735,146612,0,0,1,7111
2736,166027,0,0,1,7765
2737,230959,0,0,1,2095
2738,166027,0,0,1,3686
2739,164988,0,0,1,6009
2740,131496,0,0,1,6700
2741,166027,0,0,1,2080
2742,130314,1,0,1,6943
2743,168342,0,1,0,8293
2744,190415,0,0,1,7763
2745,161004,0,0,1,4921
2746,166027,0,0,1,4921
2747,164924,0,0,1,8623
2748,230959,0,0,1,9528
2749,144050,0,0,1,3425
2750,131496,0,0,1,5792
2751,190415,0,0,1,7382
2752,198871,1,0,1,9518
2753,190150,0,0,1,2283
2754,168148,0,0,1,2526
2755,190415,0,1,0,7132
2756,131496,0,0,1,8158
2757,144050,0,0,1,4316
2758,234076,0,0,1,1685
2759,191515,0,0,1,7744
2760,164924,0,0,1,1136
2761,191515,0,0,1,9180
2762,166027,0,1,0,3186
2763,217305,0,0,1,3483
2764,191515,0,1,0,8257
2765,164988,0,0,1,9982
2766,234076,0,0,1,9871
2767,168148,0,0,1,9801
2768,164988,0,0,1,1116
2769,130794,0,0,1,8620
2770,191515,1,1,0,3460
2771,230959,0,0,1,9859
2772,190150,0,0,1,1113
2773,168148,0,0,1,2973
2774,128744,1,0,1,8952
2775,168148,0,0,1,5376
2776,230959,0,0,1,3576
2777,443261,1,0,1,1119
2778,168148,0,1,0,8584
2779,230959,0,0,1,1284
2780,217156,0,0,1,7744
2781,209825,1,1,0,8595
2782,208725,1,0,1,4792
2783,168148,0,1,0,3390
2784,166674,1,0,1,4289
2785,130794,0,0,1,5433
2786,161004,0,0,1,4934
2787,164924,1,0,1,3122
2788,182670,0,0,1,3736
2789,190415,0,1,0,6065
2790,131496,0,0,1,8005
2791,190415,0,1,0,9118
2792,168148,0,0,1,1005
2793,130794,0,0,1,8999
2794,168342,0,0,1,5923
2795,230959,0,0,1,9800
2796,168148,0,0,1,7098
2797,166027,0,0,1,1116
2798,168342,0,0,1,8554
2799,131496,0,0,1,7548
2800,161004,0,0,1,5620
2801,186131,0,0,1,2526
2802,190415,0,0,1,6945
2803,182670,0,1,0,3728
2804,161004,0,0,1,7901
2805,182670,1,0,1,4940
2806,168342,0,0,1,3417
2807,166054,1,0,1,2361
2808,182670,0,0,1,4478
2809,240462,0,0,1,4608
2810,161086,0,0,1,3186
2811,166027,0,0,1,6360
2812,217156,0,0,1,8135
2813,164988,0,1,0,1568
2814,164924,0,0,1,6347
2815,117168,1,0,1,7209
2816,191515,0,0,1,1020
2817,230959,1,0,1,5179
2818,130794,1,0,1,3184
2819,168148,0,0,1,2612
2820,166027,0,0,1,4760
2821,131496,0,0,1,7382
2822,131496,0,0,1,8114
2823,164924,0,0,1,9180
2824,141334,1,0,1,5528
2825,230959,0,1,0,6760
2826,191515,0,0,1,5889
2827,131496,0,0,1,4189
2828,199582,0,0,1,9195
2829,168342,0,0,1,2026
2830,217156,0,0,1,5475
2831,182670,0,0,1,7959
2832,213020,1,1,0,8352
2833,166027,0,0,1,7758
2834,217156,0,1,0,6820
2835,479992,0,0,1,7871
2836,164492,1,0,1,7132
2837,164924,0,0,1,1534
2838,198419,0,1,0,5908
2839,161086,0,0,1,1175
2840,191515,0,1,0,7798
2841,168342,0,0,1,7744
2842,161086,0,0,1,8936
2843,217156,0,0,1,7718
2844,182980,1,0,1,3430
2845,160977,0,0,1,2556
2846,190415,0,1,0,5528
2847,165015,0,0,1,3180
2848,217156,0,0,1,6890
2849,234076,0,0,1,4729
2850,164924,0,0,1,4501
2851,180461,1,0,1,2188
2852,161004,0,0,1,7959
2853,164924,0,1,0,4035
2854,182670,0,0,1,4027
2855,217156,0,0,1,3471
2856,161086,0,0,1,6439
2857,144050,0,0,1,2417
2858,131496,0,0,1,6467
2859,166054,0,0,1,6373
2860,189705,0,0,1,2965
2861,234076,1,0,1,3186
2862,161004,1,0,1,2414
2863,165334,1,0,1,2619
2864,161004,0,0,1,5007
2865,168342,0,1,0,5620
2866,164924,1,0,1,2412
2867,168148,0,0,1,6700
2868,161086,0,0,1,7588
2869,168342,0,0,1,1228
2870,164924,1,0,1,6829
2871,198419,0,0,1,1806
2872,230959,1,0,1,6360
2873,161004,0,0,1,4490
2874,217156,0,1,0,8453
2875,232423,1,0,1,5253
2876,167871,0,0,1,1209
2877,164988,0,0,1,1867
2878,166027,0,0,1,8293
2879,166027,0,0,1,2095
2880,204176,0,1,0,2326
2881,144050,0,1,0,5305
2882,130934,1,0,1,9833
2883,168342,0,0,1,5762
2884,168342,0,0,1,6373
2885,186131,0,1,0,6368
2886,168342,0,1,0,7554
2887,230959,0,0,1,8719
2888,161004,0,0,1,9497
2889,164924,0,0,1,2209
2890,182670,0,0,1,9584
2891,234076,0,0,1,8033
2892,164924,0,0,1,1263
2893,161086,0,0,1,5889
2894,166027,0,1,0,4091
2895,130794,1,0,1,8791
2896,161004,0,0,1,6400
2897,182670,0,0,1,2258
2898,166027,0,0,1,5078
2899,182670,1,0,1,4091
2900,166027,0,0,1,7779
2901,168148,0,1,0,3284
2902,168342,1,0,1,6567
2903,190150,0,0,1,7382
2904,166027,0,0,1,9012
2905,217156,0,0,1,1136
2906,144050,0,0,1,2361
2907,104179,1,0,1,2736
2908,130794,0,0,1,8248
2909,234076,0,0,1,5696
2910,194736,1,0,1,6389
2911,165574,1,0,1,7608
2912,168148,0,0,1,2075
2913,144050,0,0,1,6890
2914,139959,0,0,1,8723
2915,168342,0,0,1,5007
2916,130794,0,0,1,1175
2917,230959,1,0,1,8961
2918,131283,1,0,1,3314
2919,217484,1,0,1,2032
2920,234076,0,0,1,7984
2921,168342,0,0,1,6111
2922,182670,1,0,1,2204
2923,234076,1,0,1,9291
2924,164924,1,1,0,7164
2925,217156,0,0,1,7809
2926,168342,0,0,1,2094
2927,217156,0,1,0,6826
2928,131496,0,0,1,5904
2929,191515,0,0,1,4792
2930,164924,0,0,1,9180
2931,164924,0,1,0,8086
2932,136950,1,0,1,3736
2933,168342,0,0,1,8121
2934,166027,0,0,1,3515
2935,166027,0,0,1,9061
2936,182670,0,0,1,5783
2937,182670,0,0,1,6009
2938,164924,0,0,1,8791
2939,186131,0,1,0,7329
2940,160977,0,1,0,6416
2941,198419,0,0,1,7901
2942,168148,1,0,1,8121
2943,161086,0,0,1,5984
2944,195191,0,0,1,3686
2945,166027,0,0,1,2361
2946,234076,0,1,0,7545
2947,182670,0,0,1,5517
2948,191515,0,0,1,8014
2949,217156,0,0,1,1806
2950,230959,0,0,1,6009
2951,230816,1,0,1,3683
2952,161004,0,0,1,6467
2953,182634,1,0,1,7798
2954,230959,0,0,1,1934
2955,230959,0,0,1,1970
2956,217156,0,1,0,3471
2957,199272,1,0,1,9782
2958,182670,0,0,1,2046
2959,230959,0,0,1,5517
2960,164988,1,1,0,1228
2961,457925,1,1,0,4727
2962,130794,0,0,1,9905
2963,164988,0,0,1,6400
2964,190415,0,0,1,7588
2965,122409,0,0,1,9360
2966,191515,0,0,1,5603
2967,126580,1,0,1,2075
2968,168342,0,0,1,2736
2969,186131,0,1,0,3664
2970,157030,0,0,1,2194
2971,164924,0,0,1,5517
2972,487524,1,0,1,2501
2973,191515,0,0,1,7718
2974,161004,0,0,1,4953
2975,201821,1,0,1,9666
2976,166027,0,0,1,6945
2977,234076,0,0,1,3517
2978,164988,0,0,1,6373
2979,130493,0,0,1,3430
2980,151306,1,0,1,3180
2981,164924,0,1,0,4940
2982,168254,1,0,1,2556
2983,190150,0,0,1,9518
2984,164924,1,0,1,5904
2985,168342,0,0,1,1005
2986,110556,1,0,1,2174
2987,165802,1,0,1,4215
2988,126359,0,0,1,8014
2989,182670,0,0,1,4016
2990,217156,0,0,1,2967
2991,230959,0,0,1,1005
2992,182670,0,0,1,2410
2993,168342,0,1,0,9291
2994,190150,0,0,1,7548
2995,168342,0,0,1,8114
2996,220631,1,1,0,4359
2997,164447,1,0,1,2973
2998,186131,0,0,1,1047
2999,130794,0,0,1,4933
3000,217156,0,1,0,2412
3001,168148,0,1,0,7377
3002,182670,0,0,1,4359
3003,168342,0,0,1,1648
3004,190415,0,1,0,9844
3005,161004,1,1,0,1866
3006,130794,0,0,1,5305
3007,164988,0,0,1,6140
3008,217156,0,1,0,5511
3009,217156,0,0,1,6186
3010,198419,0,0,1,9783
3011,166027,0,0,1,4359
3012,186131,0,0,1,6274
3013,164924,0,0,1,2865
3014,182670,0,0,1,5957
3015,191515,0,0,1,4461
3016,230959,0,0,1,7382
3017,186131,0,0,1,3184
3018,144050,0,0,1,4729
3019,168148,0,0,1,8722
3020,166027,0,0,1,6337
3021,217156,0,0,1,9746
3022,164924,0,0,1,6719
3023,230959,1,0,1,4246
3024,190150,0,0,1,1047
3025,230959,0,0,1,3677
3026,161086,1,0,1,9518
3027,183026,1,1,0,7209
3028,160977,0,0,1,6829
3029,167358,0,0,1,7098
3030,190415,1,0,1,6665
3031,198419,0,0,1,1252
3032,130794,0,0,1,6288
3033,164924,0,0,1,8999
3034,182670,0,0,1,3306
3035,198419,0,0,1,9746
3036,182670,0,0,1,3677
3037,168148,0,0,1,6645
3038,230959,0,0,1,3219
3039,217156,1,1,0,8121
3040,186131,0,0,1,3425
3041,182670,0,0,1,7158
3042,166027,0,0,1,2326
3043,168148,0,1,0,1252
3044,164924,0,0,1,4824
3045,166027,0,0,1,2026
3046,131496,0,0,1,7588
3047,164924,0,0,1,9905
3048,166027,0,0,1,6567
3049,166027,0,0,1,6360
3050,168847,1,0,1,4189
3051,217156,0,0,1,8405
3052,168148,0,0,1,3504
3053,230959,0,0,1,7849
3054,190150,0,0,1,2618
3055,182670,0,0,1,2618
3056,131496,0,1,0,8936
3057,186131,0,1,0,4189
3058,130794,0,0,1,6945
3059,168148,0,0,1,2046
3060,231059,1,0,1,2095
3061,164924,0,1,0,6964
3062,217156,0,0,1,7765
3063,143358,1,0,1,3483
3064,144050,0,0,1,2086
3065,431600,1,0,1,9891
3066,164988,0,0,1,6123
3067,198419,0,0,1,7758
3068,220473,1,1,0,4953
3069,161004,0,0,1,9982
3070,160977,1,1,0,5181
3071,164988,0,0,1,9415
3072,191515,0,0,1,8014
3073,215691,1,0,1,7518
3074,217156,0,0,1,1261
3075,198419,0,0,1,5186
3076,198419,0,0,1,5743
3077,168342,0,0,1,3346
3078,192703,1,0,1,2283
3079,230959,0,0,1,3346
3080,198419,0,0,1,4895
3081,168148,0,1,0,2032
3082,234076,0,0,1,4490
3083,190150,0,0,1,9112
3084,234076,0,1,0,2410
3085,164988,0,0,1,1709
3086,191515,0,0,1,9291
3087,217156,0,0,1,4881
3088,161004,0,0,1,2308
3089,191515,0,0,1,2373
3090,482680,1,0,1,9973
3091,230959,0,0,1,7763
3092,129941,1,0,1,6496
3093,189088,1,0,1,5990
3094,234076,0,0,1,3686
3095,202170,1,0,1,3639
3096,161086,0,0,1,7209
3097,217156,0,0,1,6186
3098,168342,0,0,1,2188
3099,198419,0,0,1,4105
3100,198419,0,0,1,7763
3101,190415,0,0,1,3471
3102,166027,0,0,1,8703
3103,131496,0,0,1,1228
3104,160977,0,0,1,8027
3105,161004,0,0,1,7798
3106,131496,0,0,1,6337
3107,198419,0,0,1,7098
3108,373711,1,0,1,7697
3109,168148,0,0,1,4933
3110,234076,1,0,1,5186
3111,131496,0,0,1,2435
3112,168342,0,0,1,8014
3113,164924,0,1,0,1136
3114,230959,0,0,1,9982
3115,212601,1,0,1,4921
3116,175430,1,0,1,4964
3117,230959,0,0,1,1866
3118,130314,1,0,1,7659
3119,190150,0,0,1,3736
3120,161086,0,0,1,9982
3121,147129,1,0,1,8791
3122,186131,0,0,1,4921
3123,230959,0,0,1,8719
3124,130314,1,0,1,5671
3125,144050,0,0,1,2987
3126,206941,1,0,1,3768
3127,168148,1,1,0,5603
3128,182670,0,0,1,2194
3129,198419,0,0,1,8614
3130,217156,0,0,1,8961
3131,178208,1,0,1,8796
3132,164924,1,0,1,3694
3133,165820,0,0,1,5481
3134,168148,0,0,1,4619
3135,168148,0,0,1,3884
3136,217156,0,0,1,5143
3137,163532,1,1,0,9759
3138,166027,0,0,1,9046
3139,182670,0,0,1,5603
3140,234076,0,0,1,9415
3141,164492,1,0,1,1524
3142,182670,0,0,1,2880
3143,164924,0,1,0,6683
3144,234076,0,0,1,6719
3145,182917,1,1,0,2086
3146,186186,1,0,1,7681
3147,144050,0,0,1,4105
3148,191515,0,0,1,6367
3149,166452,1,0,1,7075
3150,182670,0,0,1,6958
3151,191515,0,0,1,9859
3152,190150,0,0,1,5444
3153,161086,0,1,0,5444
3154,161004,0,0,1,3686
3155,166027,0,0,1,7132
3156,234076,0,1,0,2080
3157,186131,0,0,1,9718
3158,230959,0,0,1,6389
3159,202912,0,0,1,3767
3160,161086,0,0,1,7545
3161,164562,1,0,1,3964
3162,190415,0,0,1,8798
3163,217156,0,0,1,5511
3164,224323,0,0,1,7382
3165,164924,0,0,1,5419
3166,234076,1,0,1,4331
3167,204264,1,1,0,6432
3168,164924,0,0,1,2586
3169,190150,0,1,0,2501
3170,186131,0,0,1,9061
3171,131496,0,0,1,5007
3172,168148,1,0,1,5813
3173,166027,0,0,1,1064
3174,164924,0,0,1,4421
3175,190044,1,0,1,4801
3176,164924,1,0,1,9118
3177,198419,0,0,1,7608
3178,166027,1,1,0,1175
3179,443410,1,0,1,3664
3180,168342,0,0,1,7984
3181,168227,1,1,0,4933
3182,191630,1,0,1,1252
3183,130493,1,1,0,5984
3184,238616,1,0,1,6496
3185,161004,0,1,0,6094
3186,230959,0,1,0,7659
3187,168148,0,0,1,8464
3188,156541,1,0,1,1261
3189,166027,0,0,1,3964
3190,186131,0,0,1,1806
3191,161086,0,0,1,4316
3192,168342,0,0,1,4189
3193,168342,0,0,1,3206
3194,168342,0,0,1,2763
3195,168148,0,1,0,6467
3196,234076,0,0,1,7659
3197,164988,0,0,1,5988
3198,131496,1,0,1,1215
3199,160959,1,0,1,1228
3200,194091,0,1,0,6906
3201,182670,0,0,1,8936
3202,234076,0,0,1,3164
3203,165866,1,0,1,4608
3204,160977,1,0,1,7132
3205,198419,0,0,1,2188
3206,217156,0,0,1,9891
3207,144050,0,0,1,8700
3208,198419,0,0,1,9880
3209,131496,0,1,0,7849
3210,131496,0,0,1,9046
3211,217156,0,0,1,6760
3212,168342,0,0,1,5715
3213,217156,0,0,1,6903
3214,182670,0,0,1,8453
3215,198419,0,1,0,1119
3216,230959,0,0,1,2763
3217,166027,0,0,1,9973
3218,198419,0,0,1,6504
3219,446640,1,0,1,7598
3220,182670,0,0,1,6335
3221,166027,0,0,1,6207
3222,217156,0,0,1,6454
3223,166683,0,0,1,2283
3224,164924,0,1,0,5962
3225,150941,1,1,0,7697
3226,165574,0,0,1,7548
3227,128771,1,0,1,4316
3228,168148,0,0,1,4749
3229,439701,1,0,1,3425
3230,166027,0,0,1,4561
3231,161086,1,0,1,2032
3232,164924,0,0,1,5419
3233,165936,1,1,0,9746
3234,234076,0,0,1,5962
3235,185828,0,0,1,6373
3236,161004,0,0,1,5087
3237,166027,0,0,1,6373
3238,167598,1,0,1,7377
3239,210492,1,0,1,3683
3240,166027,0,0,1,9659
3241,182670,0,0,1,2059
3242,168148,1,0,1,2987
3243,131496,0,1,0,8922
3244,182670,0,0,1,2075
3245,182670,0,0,1,5620
3246,190415,0,0,1,3750
3247,161086,0,0,1,4729
3248,168342,0,1,0,1501
3249,190415,0,0,1,5007
3250,182670,0,0,1,4858
3251,191515,0,0,1,2857
3252,217156,0,0,1,1475
3253,168342,1,0,1,3425
3254,166027,0,0,1,3825
3255,168148,0,0,1,7798
3256,167783,1,0,1,2357
3257,217156,0,0,1,2026
3258,217156,0,0,1,3306
3259,182670,0,1,0,9937
3260,182670,0,1,0,5161
3261,166027,0,0,1,4016
3262,161004,0,0,1,4123
3263,161004,0,1,0,3639
3264,167792,1,0,1,5051
3265,230959,0,0,1,3683
3266,246071,1,0,1,5731
3267,164924,0,0,1,9982
3268,162760,1,1,0,1297
3269,230959,0,0,1,7887
3270,161086,0,0,1,4289
3271,198419,0,0,1,3122
3272,160977,0,0,1,1524
3273,164924,0,0,1,7659
3274,217156,0,0,1,5892
3275,164988,0,0,1,8168
3276,183211,0,1,0,2209
3277,161004,0,1,0,4224
3278,191515,0,0,1,9415
3279,164924,0,0,1,1297
3280,168148,0,0,1,8279
3281,201104,0,0,1,9475
3282,165820,1,0,1,1136
3283,186131,0,0,1,6567
3284,190415,0,0,1,1119
3285,230959,0,0,1,3736
3286,162061,1,1,0,7765
3287,168148,0,0,1,9880
3288,191515,0,0,1,9982
3289,230959,0,0,1,5603
3290,234076,0,0,1,1842
3291,164924,0,0,1,9880
3292,162654,0,0,1,4701
3293,234076,0,0,1,4881
3294,198419,0,0,1,8719
3295,182670,0,0,1,1424
3296,164924,0,0,1,9180
3297,239318,0,0,1,5667
3298,166027,0,0,1,4881
3299,182670,0,0,1,6094
3300,164988,0,1,0,3184
3301,160977,0,0,1,2075
3302,234076,0,0,1,3504
3303,190008,0,0,1,1263
3304,498571,1,0,1,7681
3305,230959,1,0,1,4540
3306,168148,0,0,1,1263
3307,190150,0,0,1,7871
3308,168342,0,0,1,3964
3309,161873,1,1,0,4474
3310,164924,0,0,1,8055
3311,182670,0,0,1,9973
3312,190415,0,1,0,7680
3313,164924,0,0,1,7091
3314,217156,0,1,0,6435
3315,182670,0,0,1,1594
3316,164748,1,0,1,5653
3317,230959,0,0,1,1119
3318,168148,0,0,1,2653
3319,182670,0,0,1,5962
3320,190415,0,0,1,2026
3321,130794,0,0,1,2026
3322,217484,1,0,1,3768
3323,198419,0,0,1,1376
3324,131496,0,0,1,1125
3325,234076,0,0,1,5419
3326,190150,0,0,1,9833
3327,166027,0,1,0,1524
3328,190415,0,0,1,5603
3329,164988,1,1,0,5475
3330,190150,0,0,1,1125
3331,230959,1,0,1,2711
3332,170532,0,1,0,2059
3333,168148,0,0,1,6700
3334,131496,0,0,1,7111
3335,160977,0,0,1,8722
3336,441636,1,0,1,8796
3337,194499,0,1,0,5178
3338,190983,1,1,0,6030
3339,209825,1,0,1,3504
3340,195003,1,0,1,9374
3341,119173,1,0,1,6186
3342,217156,0,1,0,9871
3343,164924,0,0,1,2412
3344,166027,0,0,1,9799
3345,161226,1,0,1,1252
3346,131496,0,0,1,9360
3347,164562,1,0,1,7744
3348,164632,1,0,1,5696
3349,168342,0,0,1,7959
3350,166692,1,0,1,9128
3351,131496,0,0,1,4564
3352,164924,0,1,0,4881
3353,211635,0,0,1,3122
3354,217156,0,0,1,6454
3355,161235,1,0,1,6140
3356,141334,1,0,1,5944
3357,168342,0,0,1,5169
3358,182670,0,0,1,2618
3359,164988,0,0,1,8114
3360,198419,0,0,1,9702
3361,161004,0,0,1,3390
3362,186131,0,0,1,1568
3363,191515,0,0,1,2417
3364,217156,0,0,1,4608
3365,165802,0,0,1,2194
3366,165264,0,0,1,6374
3367,217156,0,0,1,3736
3368,230959,0,0,1,6890
3369,166027,0,0,1,7798
3370,238980,1,0,1,8158
3371,234076,0,0,1,7788
3372,168148,0,1,0,6374
3373,168148,0,1,0,8952
3374,444866,1,1,0,9528
3375,130794,0,0,1,9584
3376,217156,0,0,1,1107
3377,164924,0,0,1,4224
3378,164924,0,0,1,9843
3379,168421,1,0,1,2711
3380,198419,0,0,1,9700
3381,166489,1,0,1,6515
3382,119173,1,0,1,6454
3383,168342,0,1,0,7608
3384,161086,1,0,1,2417
3385,230959,0,0,1,8646
3386,164924,0,0,1,4091
3387,130794,0,0,1,1709
3388,198419,0,0,1,1020
3389,161086,0,0,1,1286
3390,182670,0,0,1,1020
3391,164924,1,0,1,4571
3392,168342,0,0,1,3686
3393,466930,1,1,0,9843
3394,121257,0,0,1,9799
3395,217156,0,0,1,6367
3396,198419,0,0,1,6094
3397,182670,0,0,1,5179
3398,131496,0,0,1,6580
3399,230959,0,0,1,4259
3400,217156,0,1,0,6139
3401,230959,1,0,1,3342
3402,217156,0,0,1,5603
3403,234076,0,0,1,3767
3404,234076,0,0,1,4540
3405,198419,0,0,1,7779
3406,230959,0,0,1,5783
3407,161004,0,1,0,9221
3408,217156,0,0,1,8623
3409,183080,1,0,1,2308
3410,234076,0,1,0,2046
3411,217156,0,0,1,6786
3412,230959,0,0,1,9659
3413,161086,0,1,0,7901
3414,131496,0,0,1,2209
3415,217156,0,1,0,4896
3416,198419,0,0,1,4749
3417,188678,1,0,1,8027
3418,164988,0,0,1,8936
3419,217156,0,0,1,1228
3420,191515,0,0,1,6590
3421,190415,1,0,1,7111
3422,161086,0,1,0,6590
3423,131496,0,0,1,9046
3424,166027,0,0,1,2361
3425,230959,0,0,1,5197
3426,164924,0,0,1,4561
3427,168148,0,0,1,8620
3428,168342,0,0,1,4564
3429,182670,0,0,1,9905
3430,182670,0,1,0,4215
3431,131496,1,0,1,3677
3432,164924,0,0,1,6760
3433,230959,1,0,1,6009
3434,166027,0,0,1,4571
3435,192040,0,0,1,4940
3436,166027,1,0,1,4953
3437,198419,0,0,1,5143
3438,161004,0,0,1,8248
3439,161004,0,0,1,2466
3440,166027,0,0,1,9475
3441,466921,1,0,1,4461
3442,239628,1,1,0,8999
3443,144050,0,0,1,5305
3444,130794,0,0,1,7075
3445,195173,1,0,1,2259
3446,164465,0,0,1,9871
3447,167835,0,0,1,8005
3448,164924,1,0,1,5731
3449,164924,0,0,1,4289
3450,166027,0,0,1,3543
3451,230959,0,0,1,1261
3452,186131,0,0,1,4035
3453,217156,0,0,1,5742
3454,231095,1,0,1,3277
3455,197984,1,0,1,6890
3456,161004,0,1,0,7075
3457,148405,1,0,1,5087
3458,182670,0,0,1,5186
3459,164988,1,0,1,9833
3460,130794,0,0,1,8700
3461,190576,0,0,1,5143
3462,166027,0,0,1,6485
3463,234076,0,0,1,4934
3464,168342,0,0,1,5087
3465,131496,0,0,1,8293
3466,182670,0,0,1,2080
3467,166027,0,0,1,9666
3468,131496,0,0,1,2736
3469,130794,0,0,1,9326
3470,164924,0,0,1,3504
3471,164924,0,0,1,4933
3472,182670,0,0,1,9518
3473,166692,0,0,1,3964
3474,481410,1,0,1,1501
3475,168342,0,0,1,9501
3476,230959,0,0,1,9666
3477,161004,0,0,1,1524
3478,182670,0,0,1,9501
3479,164988,0,0,1,1261
3480,182670,0,0,1,6159
3481,131496,0,0,1,5962
3482,166027,0,0,1,2188
3483,131496,0,0,1,5511
3484,186131,1,0,1,4798
3485,190150,0,0,1,9518
3486,161004,0,0,1,4934
3487,160977,0,0,1,9782
3488,131496,0,0,1,6515
3489,168148,0,0,1,6360
3490,186131,0,0,1,8798
3491,131496,1,0,1,6335
3492,155061,1,1,0,3768
3493,175005,1,0,1,7788
3494,204635,1,0,1,9880
3495,161004,0,0,1,5990
3496,131496,0,1,0,6543
3497,161004,0,0,1,4824
3498,164924,0,0,1,2406
3499,164924,0,1,0,6580
3500,166027,0,0,1,7758
3501,230959,1,0,1,8623
3502,168148,0,1,0,8114
3503,164924,0,0,1,5696
3504,165024,1,1,0,9119
3505,198419,0,0,1,2133
3506,164924,0,0,1,4501
3507,217156,0,0,1,9415
3508,191515,0,0,1,8033
3509,168148,0,0,1,6590
3510,182670,0,0,1,4540
3511,234076,0,0,1,2857
3512,161004,0,0,1,2075
3513,182670,0,0,1,7271
3514,164988,0,1,0,7158
3515,153977,1,0,1,4898
3516,164924,0,0,1,3349
3517,198969,1,0,1,8952
3518,217156,0,0,1,3306
3519,165024,1,0,1,2326
3520,191515,0,0,1,7451
3521,234076,0,0,1,2526
3522,217156,0,1,0,5419
3523,131496,0,1,0,5783
3524,142285,1,0,1,3507
3525,217156,0,0,1,3543
3526,182670,0,1,0,5233
3527,164924,0,0,1,7901
3528,160977,0,0,1,3390
3529,217156,0,0,1,2406
3530,190150,0,1,0,8575
3531,166027,0,0,1,5529
3532,164632,1,0,1,3767
3533,186131,0,1,0,6373
3534,166027,0,0,1,1168
3535,217156,0,0,1,2095
3536,164924,0,0,1,5571
3537,168342,0,1,0,8135
3538,186131,0,1,0,8992
3539,190415,0,1,0,4749
3540,198419,0,0,1,1286
3541,182670,0,0,1,7744
3542,234076,1,0,1,9666
3543,144050,0,0,1,5667
3544,164173,1,0,1,6719
3545,199865,0,0,1,8114
3546,217156,0,0,1,3694
3547,164924,0,0,1,9074
3548,130794,0,0,1,4103
3549,161004,0,0,1,1263
3550,164924,0,0,1,3314
3551,198419,0,0,1,7298
3552,130794,0,0,1,9497
3553,168148,0,0,1,4474
3554,130794,0,0,1,6567
3555,183026,1,0,1,3342
3556,166027,1,0,1,4564
3557,229115,1,1,0,2846
3558,168148,0,0,1,6360
3559,234076,0,0,1,7763
3560,161004,0,1,0,7611
3561,234076,1,0,1,1867
3562,182670,0,1,0,6714
3563,165334,0,1,0,8005
3564,164988,0,0,1,1047
3565,366711,1,0,1,9046
3566,182670,0,0,1,9180
3567,168342,0,0,1,8723
3568,168148,0,0,1,5179
3569,131496,1,0,1,5988
3570,198419,0,1,0,8961
3571,166027,0,0,1,8952
3572,128902,0,0,1,6435
3573,198419,0,0,1,2466
3574,161004,0,0,1,2204
3575,230959,0,0,1,1934
3576,161086,0,0,1,8550
3577,182670,0,0,1,5492
3578,230959,0,0,1,3349
3579,168148,1,0,1,6543
3580,230959,0,0,1,9880
3581,166027,0,0,1,3460
3582,194116,1,1,0,6945
3583,130493,1,0,1,4105
3584,164924,1,0,1,2501
3585,160977,0,0,1,2080
3586,182670,0,0,1,5475
3587,191515,0,0,1,3190
3588,165936,1,0,1,9495
3589,217156,0,0,1,5179
3590,168227,1,0,1,8277
3591,198419,0,0,1,6288
3592,168342,0,0,1,4619
3593,167899,1,0,1,9905
3594,214689,1,1,0,5483
3595,182670,0,0,1,6124
3596,166027,0,0,1,2619
3597,164924,0,1,0,7963
3598,217156,0,0,1,4016
3599,164924,0,0,1,3504
3600,219639,0,0,1,5517
3601,164924,0,0,1,1064
3602,166027,0,1,0,4487
3603,190415,0,0,1,2973
3604,164924,0,0,1,3576
3605,198419,0,0,1,5731
3606,234076,1,0,1,5944
3607,182670,0,0,1,2412
3608,166027,0,1,0,2526
3609,130794,0,0,1,3694
3610,164924,0,0,1,7765
3611,138868,1,0,1,5988
3612,166027,0,0,1,3430
3613,230959,0,0,1,5197
3614,190150,0,0,1,5087
3615,164924,0,0,1,5419
3616,234076,0,0,1,1107
3617,164924,0,0,1,7699
3618,166656,1,0,1,4189
3619,161004,0,1,0,6131
3620,166027,0,0,1,2388
3621,182670,0,0,1,6760
3622,141486,1,0,1,7017
3623,217156,0,0,1,7132
3624,168148,0,0,1,6786
3625,161086,0,0,1,2526
3626,190150,0,0,1,8405
3627,168148,0,0,1,5529
3628,168342,0,0,1,4474
3629,168148,0,0,1,9783
3630,164924,1,1,0,9666
3631,190150,0,0,1,4729
3632,131496,0,0,1,5571
3633,164988,0,0,1,3134
3634,182670,0,0,1,1501
3635,166027,0,0,1,6123
3636,182670,0,0,1,7518
3637,234076,0,0,1,4763
3638,166027,0,0,1,9799
3639,161086,0,1,0,1376
3640,142461,1,0,1,9475
3641,493619,1,0,1,6467
3642,160977,0,0,1,9973
3643,217156,0,1,0,7887
3644,234076,0,0,1,7451
3645,230959,0,0,1,2361
3646,230959,0,1,0,3346
3647,151306,1,0,1,7849
3648,129525,1,0,1,6515
3649,110404,0,1,0,2361
3650,168342,0,0,1,1501
3651,130794,0,0,1,3515
3652,168342,0,0,1,8257
3653,168148,1,0,1,9982
3654,168342,0,0,1,8566
3655,217493,1,0,1,5792
3656,168342,0,0,1,7017
3657,165671,1,0,1,7164
3658,127185,1,0,1,9801
3659,144050,0,1,0,3194
3660,234076,1,0,1,1297
3661,444510,1,1,0,2373
3662,164924,0,0,1,5305
3663,191515,0,0,1,2194
3664,182670,0,0,1,7871
3665,167783,1,0,1,6728
3666,217156,0,0,1,4896
3667,168148,0,0,1,6736
3668,198419,0,0,1,4729
3669,217156,0,1,0,4461
3670,144050,0,0,1,8620
3671,161004,0,0,1,8646
3672,161086,0,1,0,7029
3673,191515,0,0,1,1776
3674,198419,0,0,1,2586
3675,198419,0,0,1,6454
3676,217156,0,0,1,5792
3677,230959,0,0,1,2361
3678,190150,0,0,1,7809
3679,198419,0,0,1,6159
3680,217156,0,0,1,3425
3681,190150,0,0,1,3750
3682,217156,0,0,1,7377
3683,161004,0,0,1,4162
3684,190415,0,0,1,5078
3685,166638,1,0,1,2326
3686,182670,0,0,1,6207
3687,485999,1,0,1,5731
3688,144050,0,0,1,2133
3689,168148,0,0,1,7382
3690,131496,0,0,1,6829
3691,168148,1,0,1,1005
3692,144050,0,0,1,6714
3693,190150,0,0,1,6866
3694,168148,0,0,1,7681
3695,460181,1,0,1,3074
3696,131496,0,0,1,5483
3697,194958,1,0,1,3284
3698,161086,0,0,1,4016
3699,217156,0,0,1,6389
3700,166027,0,0,1,7132
3701,166391,1,0,1,5990
3702,182670,0,0,1,8121
3703,121257,0,0,1,3390
3704,195003,1,0,1,3985
3705,166027,0,0,1,1866
3706,164924,1,0,1,8703
3707,164988,0,0,1,3284
3708,182670,0,0,1,9360
3709,166027,0,0,1,6367
3710,217156,0,0,1,3425
3711,164924,0,1,0,4792
3712,182795,1,0,1,6826
3713,163453,1,0,1,9666
3714,164924,0,0,1,4091
3715,217156,0,1,0,2653
3716,186131,0,0,1,1015
3717,217156,0,0,1,6485
3718,166674,1,0,1,7798
3719,186131,0,0,1,4792
3720,166027,0,0,1,8700
3721,194718,1,1,0,4316
3722,217156,0,0,1,3884
3723,440828,1,0,1,9844
3724,164924,0,0,1,8722
3725,182670,0,0,1,4798
3726,161004,0,0,1,7763
3727,217518,1,0,1,5988
3728,190415,0,0,1,5892
3729,164535,0,1,0,6347
3730,144050,0,0,1,8248
3731,234076,1,0,1,7271
3732,130794,0,1,0,5671
3733,161022,0,0,1,6200
3734,161341,1,0,1,3277
3735,168342,0,1,0,6719
3736,160977,0,0,1,5984
3737,234076,0,0,1,1107
3738,164924,1,0,1,3664
3739,182670,0,0,1,8620
3740,131496,0,0,1,4953
3741,163046,1,0,1,4091
3742,190415,0,0,1,6665
3743,168148,0,0,1,4760
3744,230959,0,0,1,3664
3745,191533,0,0,1,9800
3746,164924,0,0,1,2794
3747,168148,0,1,0,1341
3748,176965,1,0,1,3736
3749,130794,0,0,1,7158
3750,160977,1,0,1,5984
3751,183974,1,0,1,4259
3752,164924,0,0,1,3091
3753,190150,1,0,1,6374
3754,182670,0,0,1,5762
3755,168227,1,0,1,6360
3756,161004,0,1,0,1116
3757,198419,0,0,1,6367
3758,191515,1,0,1,2406
3759,182670,0,0,1,2204
3760,182670,0,0,1,3717
3761,166027,0,0,1,1475
3762,164924,0,0,1,9074
3763,182670,0,0,1,2973
3764,198419,0,0,1,1297
3765,130794,0,0,1,8620
3766,230959,0,0,1,4881
3767,131496,0,0,1,9291
3768,217156,0,0,1,1842
3769,216807,1,0,1,8722
3770,198419,0,0,1,5384
3771,128902,0,0,1,9800
3772,190415,1,0,1,3122
3773,182670,0,0,1,4896
3774,131496,0,0,1,8257
3775,164988,0,0,1,7200
3776,182670,0,1,0,1464
3777,164924,1,0,1,3664
3778,164924,1,0,1,2973
3779,190415,0,0,1,2880
3780,164924,0,0,1,3425
3781,182670,0,0,1,8158
3782,164924,0,0,1,1107
3783,168342,0,0,1,9128
3784,217156,0,0,1,7963
3785,166027,0,0,1,6590
3786,128771,1,1,0,4105
3787,217156,1,0,1,5197
3788,164924,0,0,1,5253
3789,495031,1,0,1,6504
3790,164924,0,0,1,8936
3791,164924,1,0,1,4016
3792,166638,1,1,0,6961
3793,230959,0,0,1,9584
3794,133951,1,0,1,7451
3795,166027,0,0,1,2188
3796,129215,1,0,1,8550
3797,168342,0,0,1,6645
3798,164924,0,0,1,6943
3799,217156,0,1,0,4921
3800,130794,0,0,1,9475
3801,217156,0,0,1,6580
3802,131496,0,0,1,9074
3803,488563,1,0,1,6111
3804,166027,0,1,0,8014
3805,130794,0,0,1,8086
3806,209922,1,0,1,6288
3807,190150,0,0,1,6274
3808,161086,0,0,1,2133
3809,161086,0,0,1,5186
3810,160977,0,0,1,2466
3811,129020,1,1,0,2965
3812,164924,0,1,0,3180
3813,161004,0,0,1,1776
3814,131496,0,1,0,5376
3815,234076,0,0,1,5603
3816,165699,1,0,1,2075
3817,198419,0,0,1,3964
3818,164988,1,0,1,3515
3819,164988,1,0,1,5078
3820,225201,0,0,1,5492
3821,164988,0,0,1,1867
3822,107044,1,1,0,8248
3823,144050,0,1,0,9756
3824,186131,0,0,1,9360
3825,144050,1,0,1,7699
3826,190415,0,0,1,3180
3827,230959,0,0,1,1934
3828,182670,0,0,1,2882
3829,164924,0,0,1,5988
3830,168342,0,0,1,1501
3831,190691,0,0,1,8700
3832,131496,0,0,1,9128
3833,230959,0,0,1,1047
3834,230959,0,0,1,2865
3835,166027,0,0,1,4091
3836,107080,0,0,1,6689
3837,182670,0,0,1,7779
3838,168342,0,0,1,7451
3839,217156,0,0,1,5908
3840,182670,1,0,1,7075
3841,144050,0,0,1,6094
3842,217156,0,0,1,4792
3843,190415,0,1,0,6354
3844,166027,0,1,0,5884
3845,217156,0,1,0,9799
3846,218654,1,0,1,5962
3847,198419,0,0,1,5444
3848,209241,1,0,1,5671
3849,168342,0,0,1,6467
3850,161004,0,0,1,2337
3851,230959,0,0,1,8139
3852,166027,0,1,0,2736
3853,164924,0,0,1,1568
3854,161004,0,0,1,8961
3855,164988,0,0,1,7164
3856,164924,0,0,1,3683
3857,168148,0,0,1,5197
3858,164924,1,0,1,1594
3859,217156,0,0,1,3277
3860,230959,0,0,1,4881
3861,131496,0,0,1,1168
3862,147828,0,0,1,6288
3863,152673,0,0,1,8554
3864,168148,0,0,1,2406
3865,164924,1,0,1,3190
3866,198419,0,0,1,3686
3867,166027,0,0,1,5475
3868,166027,0,0,1,7377
3869,164988,0,1,0,3603
3870,164988,0,0,1,6903
3871,182634,1,0,1,5529
3872,130794,0,0,1,6374
3873,161086,0,0,1,2865
3874,150400,1,0,1,6274
3875,190415,0,0,1,9666
3876,161086,0,0,1,2987
3877,182670,0,0,1,5715
3878,131496,0,0,1,7598
3879,199148,1,0,1,2794
3880,191515,0,0,1,7963
3881,161004,0,1,0,1806
3882,130794,0,0,1,2619
3883,190415,0,0,1,5889
3884,190415,0,0,1,6700
3885,164924,0,0,1,9475
3886,190150,0,1,0,5492
3887,164988,0,0,1,2188
3888,168342,0,0,1,9195
3889,482556,1,0,1,8700
3890,168148,0,1,0,8623
3891,166629,0,0,1,9200
3892,234076,0,0,1,1475
3893,164924,0,0,1,7758
3894,166027,0,0,1,4474
3895,230959,0,0,1,2337
3896,189273,1,1,0,2435
3897,167358,1,1,0,2466
3898,182670,0,0,1,7887
3899,166027,0,0,1,6435
3900,164924,0,0,1,1464
3901,234076,0,0,1,4896
