application_id,student_id,university_id,admitted,ed,rd
1,7075,131496,0,0,1
2,6094,164924,0,0,1
3,3694,186131,0,1,0
4,7765,161004,0,0,1
5,2185,159568,1,1,0
6,2973,131496,0,0,1
7,6496,164924,1,0,1
8,6335,164924,0,0,1
9,6866,161022,1,0,1
10,5715,240471,1,1,0
11,4027,217156,0,0,1
12,6906,144050,0,0,1
13,2987,182670,0,1,0
14,3768,198419,0,0,1
15,2046,164924,0,0,1
16,5715,130794,1,0,1
17,8086,182670,0,0,1
18,5384,217402,1,0,1
19,8033,217156,0,0,1
20,4461,165024,1,0,1
21,6719,168148,1,0,1
22,1228,230959,0,0,1
23,5742,164924,0,0,1
24,2843,234076,1,0,1
25,8703,182670,0,0,1
26,2417,164614,1,0,1
27,6139,230959,0,0,1
28,2095,164924,0,1,0
29,7788,234076,0,0,1
30,3186,168342,0,0,1
31,2094,164924,0,0,1
32,7548,230959,0,0,1
33,2857,144050,0,0,1
34,8352,166027,0,0,1
35,2204,164924,0,0,1
36,2880,161004,0,1,0
37,3314,369668,1,1,0
38,9221,168148,0,0,1
39,1284,191515,1,1,0
40,7681,230959,0,0,1
41,2711,217156,0,0,1
42,5962,168342,0,0,1
43,1424,383525,1,1,0
44,3206,166027,0,0,1
45,9128,190415,1,0,1
46,8584,234076,1,0,1
47,7871,167899,1,0,1
48,3091,166027,0,0,1
49,2951,161086,1,1,0
50,9891,190415,1,1,0
51,7091,161086,0,0,1
52,9905,446048,0,1,0
53,4881,166027,0,0,1
54,8620,191515,0,0,1
55,3194,234076,0,0,1
56,1005,186131,0,0,1
57,9128,487524,0,0,1
58,7779,133854,1,0,1
59,4162,164988,0,0,1
60,9195,130794,0,0,1
61,5715,190415,0,0,1
62,4934,166027,0,1,0
63,4474,386153,1,0,1
64,5696,164924,0,0,1
65,4259,160977,0,0,1
66,2373,164988,0,0,1
67,9782,190415,0,0,1
68,3048,230959,0,0,1
69,4881,198419,0,0,1
70,6800,168148,0,0,1
71,6786,482149,1,0,1
72,8723,161004,0,0,1
73,4561,168148,0,0,1
74,4379,455257,1,0,1
75,6432,139931,1,0,1
76,2259,164924,0,0,1
77,1119,130253,0,0,1
78,9112,164988,0,0,1
79,2857,164924,1,0,1
80,9360,215798,1,0,1
81,2951,131496,0,0,1
82,3074,130794,0,0,1
83,5988,166027,0,0,1
84,9074,166027,0,0,1
85,9891,182670,0,0,1
86,5827,190150,0,0,1
87,5376,192712,1,0,1
88,7744,152390,0,0,1
89,3964,166027,0,0,1
90,6515,190150,0,0,1
91,9112,160977,0,0,1
92,5233,164988,0,0,1
93,4316,182670,0,0,1
94,4749,166027,0,0,1
95,2973,198419,0,0,1
96,3194,164988,0,0,1
97,1215,161086,0,0,1
98,5332,217156,0,0,1
99,2204,231411,1,0,1
100,2194,168005,1,0,1
101,5517,131496,0,0,1
102,8646,190415,0,0,1
103,8620,235097,1,0,1
104,5571,160977,0,0,1
105,7229,482653,0,0,1
106,3683,130226,1,0,1
107,4953,190150,0,0,1
108,5889,131496,0,0,1
109,2133,182670,0,1,0
110,3825,209551,1,0,1
111,3180,164988,0,0,1
112,3342,168342,0,0,1
113,2987,161004,0,0,1
114,7518,164924,0,1,0
115,5233,166027,0,0,1
116,4359,230959,0,0,1
117,6140,168227,1,0,1
118,7788,202046,1,0,1
119,1064,487524,1,0,1
120,7779,217156,0,0,1
121,2479,227863,1,1,0
122,3517,166027,0,0,1
123,3517,166027,0,0,1
124,6961,231411,1,0,1
125,9180,166027,1,1,0
126,7697,186131,0,0,1
127,2388,161086,0,1,0
128,8027,191515,0,0,1
129,6340,190150,0,1,0
130,2965,190415,0,0,1
131,7132,217156,0,0,1
132,8614,164924,0,1,0
133,3483,163453,1,0,1
134,6786,198419,0,0,1
135,5923,166027,0,0,1
136,6435,164988,1,0,1
137,1284,217156,0,0,1
138,2283,217156,0,0,1
139,4881,154101,0,0,1
140,2094,216597,0,0,1
141,8121,190150,0,0,1
142,1867,198419,0,0,1
143,2059,230959,0,0,1
144,2361,128902,0,0,1
145,8620,198419,0,0,1
146,6435,164924,1,0,1
147,5384,217156,0,0,1
148,1047,217156,0,0,1
149,1125,191515,0,0,1
150,1116,168148,0,0,1
151,3091,192110,0,0,1
152,9846,168148,0,0,1
153,5186,117946,0,1,0
154,6496,234076,0,0,1
155,5571,456959,1,1,0
156,1934,166027,0,0,1
157,3074,168148,0,0,1
158,1594,192961,1,0,1
159,4027,198419,0,0,1
160,7681,161004,0,0,1
161,4898,166027,0,0,1
162,5253,234076,0,0,1
163,5137,182670,0,0,1
164,5988,160977,0,0,1
165,5511,130794,0,0,1
166,9269,133951,1,0,1
167,4896,166027,0,0,1
168,6700,144050,0,0,1
169,5433,164924,0,0,1
170,6111,182670,0,0,1
171,1047,230959,0,0,1
172,2619,168342,0,1,0
173,5603,182670,0,0,1
174,1107,166027,0,0,1
175,1475,217819,1,0,1
176,5715,190372,1,0,1
177,5137,190150,0,0,1
178,8723,190150,0,0,1
179,9718,198419,0,0,1
180,4571,164988,0,0,1
181,2967,164924,0,0,1
182,4564,164924,0,0,1
183,5962,166027,0,0,1
184,6958,134945,1,0,1
185,6467,168148,0,0,1
186,2406,161004,0,0,1
187,9700,174783,1,0,1
188,6186,217420,1,0,1
189,9905,166027,0,0,1
190,3417,164924,0,0,1
191,2283,204893,1,0,1
192,5517,165866,1,0,1
193,1116,166027,0,0,1
194,8139,198419,0,0,1
195,4701,169442,1,0,1
196,5827,158477,1,0,1
197,6367,161004,1,0,1
198,4881,182670,0,0,1
199,6360,198419,0,1,0
200,9061,244437,1,0,1
201,3504,164988,1,0,1
202,6934,190150,0,0,1
203,4474,105899,0,0,1
204,7271,131496,0,0,1
205,7608,168148,0,0,1
206,2609,130943,1,0,1
207,7132,217156,0,0,1
208,4189,166027,0,0,1
209,6728,230959,0,0,1
210,6515,166683,0,0,1
211,4027,130794,0,0,1
212,2486,215053,0,0,1
213,6094,164924,1,0,1
214,5143,182670,0,0,1
215,6943,182670,0,0,1
216,9782,166027,0,0,1
217,8623,168227,1,0,1
218,3884,161086,1,0,1
219,8257,161086,0,0,1
220,3736,230959,0,1,0
221,8055,129242,0,0,1
222,5813,193070,1,0,1
223,9118,217156,0,0,1
224,6400,217518,0,0,1
225,2357,160977,1,1,0
226,9718,213543,0,0,1
227,3122,198419,0,1,0
228,4540,182670,0,0,1
229,2609,166674,1,0,1
230,4331,164924,0,0,1
231,2151,164924,0,1,0
232,3686,166027,0,0,1
233,8158,131496,1,1,0
234,3284,490382,1,0,1
235,7447,217156,0,0,1
236,3964,182670,0,0,1
237,1168,167598,1,0,1
238,2308,217156,0,0,1
239,4027,186131,0,0,1
240,8464,160977,0,0,1
241,5444,164924,0,0,1
242,4571,165574,0,0,1
243,6400,161004,0,0,1
244,3750,182670,0,0,1
245,3460,234076,0,0,1
246,4359,166027,0,0,1
247,8033,110644,0,0,1
248,3664,164924,1,0,1
249,8033,197221,0,1,0
250,5783,217156,0,0,1
251,3504,217156,0,0,1
252,9475,154235,1,0,1
253,6903,182670,0,0,1
254,5904,230959,1,0,1
255,7849,234076,0,0,1
256,9497,168342,1,0,1
257,5352,191515,0,0,1
258,3517,234076,1,1,0
259,5169,182670,0,0,1
260,4016,217156,1,1,0
261,6736,129020,0,0,1
262,1116,130794,0,0,1
263,6826,234076,1,0,1
264,7608,130794,0,0,1
265,3460,161004,1,0,1
266,3164,167996,0,0,1
267,3194,217156,0,0,1
268,6425,215974,1,0,1
269,5731,168342,0,0,1
270,6903,217156,0,0,1
271,1125,166027,0,0,1
272,5762,168342,0,0,1
273,1273,166027,0,1,0
274,8999,171571,1,0,1
275,7984,215770,1,0,1
276,6580,164924,0,0,1
277,6829,168005,1,0,1
278,4215,130794,0,0,1
279,7788,217493,0,0,1
280,2435,182670,0,0,1
281,2486,234076,1,0,1
282,2086,481410,1,0,1
283,4798,442356,0,0,1
284,3736,168342,0,0,1
285,3825,131496,1,0,1
286,2258,164924,0,0,1
287,2987,164924,0,0,1
288,1286,168148,0,0,1
289,3717,234076,0,0,1
290,4701,130794,0,0,1
291,2967,182670,0,0,1
292,5217,186131,0,0,1
293,1119,182670,0,0,1
294,2857,130794,0,0,1
295,8623,131496,0,0,1
296,6200,167729,1,0,1
297,9859,130590,1,0,1
298,2308,165802,1,1,0
299,8121,482185,1,0,1
300,6367,155900,1,0,1
301,4474,190415,0,0,1
302,6714,237181,1,0,1
303,8791,131496,1,0,1
304,2711,198419,0,0,1
305,9891,182670,0,0,1
306,5051,168227,1,0,1
307,7132,161004,0,0,1
308,8257,198419,0,0,1
309,7158,161086,0,0,1
310,2410,130794,0,0,1
311,1047,168148,1,0,1
312,4215,168342,0,0,1
313,1424,230959,0,0,1
314,3767,168148,0,0,1
315,7111,131159,0,0,1
316,3884,234076,0,0,1
317,7091,130794,0,0,1
318,5904,234076,0,1,0
319,4103,131496,0,0,1
320,3950,190150,1,0,1
321,2414,168148,0,0,1
322,2653,234076,0,0,1
323,2991,164924,0,0,1
324,1047,168342,0,0,1
325,1463,164924,0,0,1
326,3284,217156,0,0,1
327,2308,186131,0,0,1
328,4162,230959,0,0,1
329,7871,164924,0,0,1
330,6123,421708,1,0,1
331,9501,166027,0,0,1
332,7681,168148,0,1,0
333,8139,166027,0,0,1
334,4763,198419,0,0,1
335,6645,131496,0,0,1
336,8014,186131,0,0,1
337,5957,160977,0,1,0
338,2410,230959,0,0,1
339,4379,217156,0,0,1
340,3825,186131,0,0,1
341,7798,182670,0,0,1
342,3575,234076,0,1,0
343,4933,168342,0,0,1
344,6556,164924,0,1,0
345,2711,166027,0,0,1
346,1376,161004,0,0,1
347,9973,168148,0,0,1
348,5419,161004,0,0,1
349,2526,101879,1,0,1
350,3683,130794,0,1,0
351,9360,246071,1,1,0
352,7451,165264,0,0,1
353,9659,166027,0,0,1
354,2417,198419,0,0,1
355,9666,131496,0,0,1
356,3576,182670,0,0,1
357,3603,182670,0,0,1
358,9833,190415,0,0,1
359,2446,160977,0,1,0
360,6829,182670,0,0,1
361,6580,130794,0,0,1
362,2094,190150,0,0,1
363,3425,166027,0,1,0
364,2204,131496,0,0,1
365,9195,164924,0,0,1
366,3507,166018,1,0,1
367,8121,130794,0,0,1
368,4490,168342,0,0,1
369,2466,193973,1,0,1
370,5511,186131,0,0,1
371,9415,225399,1,0,1
372,1501,166027,1,0,1
373,3694,166027,0,0,1
374,7567,190150,1,1,0
375,7567,182670,0,0,1
376,6961,166027,0,0,1
377,4801,191515,0,0,1
378,7744,161004,0,1,0
379,5492,217156,0,0,1
380,6760,134945,1,0,1
381,6890,217156,0,0,1
382,7271,234076,0,1,0
383,7111,131496,0,0,1
384,2618,168342,0,1,0
385,8854,161004,0,0,1
386,1865,161086,1,1,0
387,7017,164924,0,0,1
388,6556,436827,1,0,1
389,3190,160977,0,0,1
390,2026,190415,0,0,1
391,6846,161004,0,0,1
392,9501,234076,0,1,0
393,9871,161004,1,0,1
394,2586,144050,0,0,1
395,9046,182670,0,0,1
396,9833,122728,1,0,1
397,7598,130590,0,0,1
398,4792,168148,0,0,1
399,5511,230728,1,0,1
400,1464,101587,0,0,1
401,3985,166027,0,0,1
402,7871,164924,1,0,1
403,6389,182670,0,0,1
404,7229,144050,0,0,1
405,4478,230959,0,0,1
406,3306,160977,0,0,1
407,5444,234076,0,0,1
408,8114,164988,1,0,1
409,5511,161086,0,0,1
410,8352,182670,0,0,1
411,6974,230959,0,1,0
412,2880,168342,0,0,1
413,3507,198419,0,1,0
414,9495,183080,1,0,1
415,7788,217156,0,0,1
416,1047,191621,1,1,0
417,9374,207157,0,1,0
418,4461,487746,1,0,1
419,6367,198419,0,0,1
420,6943,161004,0,0,1
421,4896,168342,0,0,1
422,6958,217156,0,0,1
423,8277,161086,0,1,0
424,2435,154688,1,0,1
425,6543,163912,1,0,1
426,9982,166027,0,0,1
427,8646,186131,0,0,1
428,4474,168148,0,0,1
429,2283,166027,0,1,0
430,6829,131496,0,1,0
431,8279,166027,0,0,1
432,1005,131496,0,0,1
433,1806,166027,0,0,1
434,5792,190415,0,0,1
435,6432,161086,0,0,1
436,5051,183211,0,0,1
437,8121,164988,0,0,1
438,1475,161004,1,0,1
439,7765,165334,0,0,1
440,6432,182670,0,0,1
441,4162,131496,0,0,1
442,3460,131496,0,0,1
443,6360,166489,1,0,1
444,9475,164988,1,0,1
445,5197,166027,0,0,1
446,4035,234076,0,0,1
447,3190,161004,0,0,1
448,5210,161004,0,1,0
449,9687,182670,0,0,1
450,5696,161086,0,0,1
451,9269,240417,0,0,1
452,6454,161086,0,0,1
453,6719,164924,0,0,1
454,3425,168342,0,0,1
455,6354,216047,1,0,1
456,2556,130794,0,0,1
457,1709,161253,1,0,1
458,4316,166027,0,0,1
459,1297,234076,0,0,1
460,9501,194578,1,0,1
461,7659,186131,1,0,1
462,2357,151306,1,0,1
463,4103,190150,0,0,1
464,7200,161004,0,0,1
465,1209,161004,0,0,1
466,6700,214689,1,0,1
467,5384,160977,0,1,0
468,8139,175272,0,0,1
469,3186,166027,0,0,1
470,5783,161572,1,0,1
471,2973,190415,0,1,0
472,8791,164924,0,0,1
473,1776,190415,0,0,1
474,8139,110538,0,0,1
475,8277,166027,0,0,1
476,3517,230959,0,0,1
477,2183,130590,0,1,0
478,7017,190150,0,0,1
479,7451,165936,1,0,1
480,5944,161004,0,0,1
481,2194,217156,0,0,1
482,7158,182670,0,0,1
483,2618,217402,1,0,1
484,5990,161086,0,1,0
485,9891,434362,1,0,1
486,3639,198507,1,0,1
487,3342,230959,1,0,1
488,1501,161086,0,0,1
489,6560,197133,0,1,0
490,3194,243799,1,0,1
491,2794,157100,1,1,0
492,7091,164924,0,1,0
493,6389,164988,0,1,0
494,9074,182980,1,1,0
495,4933,161004,0,0,1
496,2865,166027,1,0,1
497,7200,234076,0,0,1
498,6580,131496,0,0,1
499,4729,443410,0,0,1
500,4953,234076,0,0,1
501,6820,167057,0,0,1
502,8033,217156,0,0,1
503,5944,175616,1,0,1
504,5181,166027,0,0,1
505,3122,166452,1,0,1
506,9659,211583,1,0,1
507,6866,144050,0,0,1
508,8550,198419,0,0,1
509,5762,198419,0,0,1
510,9495,161004,0,0,1
511,2326,414878,0,0,1
512,3576,234076,1,0,1
513,3048,129941,1,0,1
514,2965,146612,0,0,1
515,1263,217156,0,0,1
516,7744,122755,1,0,1
517,7758,168342,0,0,1
518,5923,191515,0,0,1
519,4729,182670,0,0,1
520,4474,186131,0,0,1
521,4379,168148,0,0,1
522,5944,131496,0,0,1
523,5571,190415,0,0,1
524,3390,230959,0,0,1
525,3074,217156,0,1,0
526,5433,164924,1,0,1
527,2094,190150,0,0,1
528,7763,230959,0,0,1
529,4953,234076,1,0,1
530,3664,217156,0,0,1
531,4749,230959,0,0,1
532,7091,164924,0,0,1
533,2361,168342,0,0,1
534,3717,234076,0,0,1
535,4189,168342,1,0,1
536,5743,166027,0,0,1
537,4035,168342,0,0,1
538,5433,166027,0,0,1
539,6903,182670,0,0,1
540,5007,160977,0,0,1
541,4501,482468,0,1,0
542,5481,161086,0,0,1
543,5529,168148,0,0,1
544,6274,160977,1,1,0
545,4421,161004,0,0,1
546,9871,164924,0,0,1
547,6400,131496,1,0,1
548,6934,234076,0,0,1
549,7382,168342,0,0,1
550,5087,186131,0,1,0
551,3306,164924,0,0,1
552,4921,230959,0,0,1
553,2026,238458,1,0,1
554,5743,168148,0,1,0
555,5483,130794,0,0,1
556,5715,230959,0,0,1
557,3277,166027,0,0,1
558,8257,198419,0,0,1
559,5178,234076,0,0,1
560,1209,184348,1,1,0
561,6567,144050,0,0,1
562,6496,168342,1,0,1
563,5051,210146,1,0,1
564,7788,199643,0,0,1
565,5179,161004,0,0,1
566,4016,166027,0,0,1
567,6504,217156,0,0,1
568,5653,166027,0,0,1
569,9801,130493,1,0,1
570,5492,198419,0,0,1
571,9973,168148,0,0,1
572,1806,198419,0,0,1
573,6444,190415,0,0,1
574,6186,168342,0,0,1
575,4564,131496,0,0,1
576,5962,182670,0,0,1
577,2501,182670,0,0,1
578,9843,182670,0,0,1
579,9666,186131,0,0,1
580,6340,198419,0,0,1
581,2373,144050,0,0,1
582,9584,198419,0,0,1
583,4246,190415,1,0,1
584,3507,217420,1,0,1
585,7608,191515,0,0,1
586,6425,130794,0,0,1
587,4934,161004,0,0,1
588,3048,142115,1,0,1
589,5511,129242,0,0,1
590,2414,198419,0,0,1
591,7518,441982,0,0,1
592,3299,217156,0,0,1
593,1594,182670,0,0,1
594,5391,182670,0,0,1
595,9700,161341,0,1,0
596,7779,198419,0,0,1
597,2987,168148,0,0,1
598,9061,217156,0,0,1
599,1842,164924,1,1,0
600,5198,160977,0,0,1
601,2612,164924,0,0,1
602,3639,230959,1,0,1
603,1107,168342,1,0,1
604,2406,165936,1,0,1
605,2185,130794,0,0,1
606,5529,363934,1,0,1
607,5179,130794,0,0,1
608,6485,198419,1,0,1
609,1648,179557,1,1,0
610,3314,164924,0,0,1
611,9799,230959,0,0,1
612,8464,168342,0,0,1
613,5827,186131,1,0,1
614,1568,131496,0,0,1
615,3349,161086,1,0,1
616,4189,139658,0,0,1
617,6665,198419,0,0,1
618,9415,144050,0,0,1
619,2142,164988,0,1,0
620,8722,190150,0,1,0
621,9905,161086,0,0,1
622,8723,198419,0,0,1
623,3284,486938,1,0,1
624,1005,161554,1,0,1
625,1867,230959,0,0,1
626,8620,166027,0,0,1
627,5087,160977,0,0,1
628,7758,164924,0,0,1
629,8703,164924,0,0,1
630,2951,217156,0,0,1
631,9415,182670,0,0,1
632,9718,160977,0,1,0
633,8098,198419,0,0,1
634,2337,190150,1,0,1
635,8279,190415,0,0,1
636,1914,230959,0,0,1
637,9291,168148,0,0,1
638,9687,133979,1,0,1
639,1865,130794,0,0,1
640,6786,144050,0,0,1
641,6111,166629,1,0,1
642,7588,191515,0,0,1
643,9326,161004,0,0,1
644,5305,166027,0,0,1
645,3349,164988,0,0,1
646,2308,166027,0,0,1
647,5990,161086,0,0,1
648,6454,168148,0,1,0
649,5743,182670,0,0,1
650,1263,167835,1,0,1
651,6556,130794,0,0,1
652,8623,190415,0,0,1
653,3736,131496,1,0,1
654,8952,149505,0,0,1
655,9291,191515,1,0,1
656,2991,166027,0,0,1
657,6186,214157,1,1,0
658,8791,161086,0,0,1
659,9666,182670,0,0,1
660,6736,160977,0,0,1
661,1685,131496,0,0,1
662,3299,190150,0,0,1
663,5481,168342,0,0,1
664,5384,198419,0,0,1
665,9801,190415,0,0,1
666,4858,164748,0,0,1
667,6786,160977,0,0,1
668,9801,161299,1,1,0
669,6288,131496,0,0,1
670,6515,182670,0,0,1
671,6974,177038,1,0,1
672,1464,382416,1,0,1
673,1463,166027,0,0,1
674,6829,228149,1,0,1
675,6435,130794,0,0,1
676,9891,168148,0,0,1
677,2059,161086,0,0,1
678,5475,168148,0,0,1
679,2843,213598,1,0,1
680,3460,165644,1,0,1
681,4729,164924,1,0,1
682,2259,166027,0,1,0
683,1914,186131,0,0,1
684,6800,166027,0,0,1
685,1175,144050,0,0,1
686,5783,215284,1,0,1
687,3074,215929,0,0,1
688,8566,166027,0,0,1
689,4224,217059,1,0,1
690,2046,144050,0,0,1
691,6800,191515,0,1,0
692,6207,186131,0,0,1
693,8700,166027,0,0,1
694,3184,198419,0,0,1
695,4501,164924,0,0,1
696,4016,168148,0,0,1
697,9718,182670,1,0,1
698,3306,168342,0,0,1
699,3425,161004,0,0,1
700,1709,217156,0,0,1
701,6400,231059,1,0,1
702,6139,209241,1,0,1
703,8584,183239,1,0,1
704,7513,130794,0,1,0
705,3694,186131,0,0,1
706,3460,182670,0,0,1
707,6560,210571,1,0,1
708,7659,161004,0,0,1
709,3825,161004,1,0,1
710,9833,234076,0,0,1
711,5210,130794,0,0,1
712,9846,190150,0,0,1
713,4921,131496,0,0,1
714,3800,230959,0,1,0
715,6590,164988,0,0,1
716,6435,198419,0,0,1
717,9061,234076,1,1,0
718,1914,186201,0,0,1
719,8100,166027,0,1,0
720,2727,234076,0,1,0
721,1424,191515,0,0,1
722,8055,168342,0,0,1
723,3517,161086,0,0,1
724,9118,217156,0,0,1
725,7718,131496,0,1,0
726,2059,168342,1,0,1
727,8722,168342,0,0,1
728,5051,191515,0,1,0
729,4707,226231,1,0,1
730,7298,144050,0,0,1
731,9584,168342,0,1,0
732,3417,167783,1,1,0
733,5792,182670,0,0,1
734,9859,164924,0,1,0
735,7849,182670,0,0,1
736,3277,186131,0,0,1
737,6340,161086,0,0,1
738,6454,166027,1,0,1
739,9782,144050,0,0,1
740,7075,217156,1,0,1
741,8005,186131,0,0,1
742,7098,182670,0,1,0
743,1501,164924,1,0,1
744,6432,164988,0,0,1
745,6200,183974,1,0,1
746,8098,161086,0,0,1
747,3677,104179,1,0,1
748,3342,166027,0,0,1
749,9501,161004,0,0,1
750,6934,166027,0,1,0
751,8646,144050,0,0,1
752,6829,165820,1,0,1
753,5783,198419,0,0,1
754,1501,166018,1,0,1
755,5620,191515,0,0,1
756,1261,131496,0,0,1
757,7871,131496,0,0,1
758,2094,161299,1,0,1
759,6665,165802,1,0,1
760,6714,164988,0,0,1
761,1970,131496,0,0,1
762,6367,130794,0,0,1
763,1776,182670,0,0,1
764,5391,164924,0,0,1
765,1685,196592,1,0,1
766,7111,230959,0,1,0
767,2308,128498,1,0,1
768,9291,217156,0,0,1
769,4964,217156,0,0,1
770,5384,230816,0,0,1
771,9501,182670,1,0,1
772,6719,131496,0,0,1
773,8027,203757,1,0,1
774,6140,230959,0,1,0
775,4035,131496,0,0,1
776,4801,168342,0,0,1
777,2326,168342,0,0,1
778,2307,130794,0,1,0
779,3190,217156,0,0,1
780,7098,186131,0,0,1
781,1128,168148,0,1,0
782,7763,130794,0,1,0
783,7763,161004,0,0,1
784,7779,131496,0,0,1
785,9687,217165,1,0,1
786,8703,142115,1,0,1
787,4490,217235,0,1,0
788,5731,134945,0,1,0
789,5332,152099,1,1,0
790,3430,161518,1,0,1
791,3190,186131,0,0,1
792,6543,230959,0,0,1
793,5603,198419,0,0,1
794,3048,228529,1,0,1
795,9118,164924,0,0,1
796,4921,168148,0,0,1
797,5178,234164,0,0,1
798,9801,168148,0,0,1
799,8055,217688,0,0,1
800,9783,186131,0,0,1
801,9291,230959,0,0,1
802,8279,182670,0,0,1
803,8703,161086,0,0,1
804,9859,182670,0,0,1
805,6367,127060,1,0,1
806,5178,234076,0,0,1
807,5990,191515,0,0,1
808,6958,493594,0,1,0
809,6943,166027,0,0,1
810,2337,230959,0,0,1
811,9046,182670,0,0,1
812,8293,166027,0,0,1
813,6367,161004,0,0,1
814,2794,436827,1,0,1
815,2643,190415,0,1,0
816,9844,182670,0,0,1
817,2414,161004,0,0,1
818,9800,168148,0,0,1
819,1297,164492,1,0,1
820,4760,230959,0,0,1
821,4162,168148,0,1,0
822,1113,131496,0,1,0
823,5743,186131,0,0,1
824,3091,166027,0,0,1
825,4289,144050,0,0,1
826,2857,182670,0,0,1
827,7681,230959,0,0,1
828,7111,166027,0,0,1
829,7765,190415,0,0,1
830,7763,144962,0,0,1
831,2486,230959,1,0,1
832,6485,186131,0,0,1
833,2843,131496,0,0,1
834,5892,146719,0,0,1
835,3677,164924,0,0,1
836,4501,168148,0,0,1
837,6439,182670,0,0,1
838,7758,166027,0,0,1
839,4940,230959,1,0,1
840,6444,164924,0,0,1
841,5179,220604,1,0,1
842,9178,421878,1,0,1
843,2026,217156,0,0,1
844,5143,161004,1,0,1
845,3603,198419,0,0,1
846,4379,168218,0,0,1
847,3390,182670,0,0,1
848,9518,161004,0,0,1
849,3186,217156,0,0,1
850,6139,168342,1,0,1
851,7765,218238,1,0,1
852,3471,166027,0,0,1
853,9659,161004,0,1,0
854,3964,234076,1,0,1
855,3767,198419,0,0,1
856,6496,166027,0,0,1
857,9859,182670,0,0,1
858,5908,169479,1,0,1
859,4824,230959,0,0,1
860,7447,166027,0,0,1
861,8796,190415,0,1,0
862,2586,144050,0,0,1
863,7517,182670,0,1,0
864,5988,164988,0,0,1
865,3531,182670,0,1,0
866,9200,191630,0,0,1
867,4331,217156,0,0,1
868,3576,164924,0,0,1
869,9782,190150,0,0,1
870,9128,161086,0,0,1
871,5528,217493,0,0,1
872,5984,166027,0,0,1
873,7984,166027,0,0,1
874,1776,193654,1,0,1
875,4123,197744,1,1,0
876,9128,166027,0,0,1
877,2026,164988,0,0,1
878,6159,124937,1,0,1
879,7271,168342,0,0,1
880,5197,168148,1,1,0
881,6560,182670,0,0,1
882,7798,230959,0,0,1
883,2209,131496,0,0,1
884,4359,234076,0,0,1
885,2259,161004,0,0,1
886,3219,196097,0,0,1
887,9833,131496,0,0,1
888,4123,217156,0,0,1
889,8098,131496,0,0,1
890,6094,161086,0,0,1
891,6140,230959,0,0,1
892,6207,168342,0,1,0
893,2388,131496,0,0,1
894,8961,164924,0,0,1
895,5384,130794,0,0,1
896,5078,186131,0,1,0
897,1064,164924,1,0,1
898,9046,198419,0,0,1
899,3436,168148,0,0,1
900,5511,168148,0,0,1
901,3686,166027,0,0,1
902,1475,161086,0,1,0
903,3134,107877,0,0,1
904,9687,191515,0,0,1
905,7901,166027,0,0,1
906,1648,217156,0,0,1
907,8722,230959,0,0,1
908,7129,168342,0,1,0
909,1776,217156,0,1,0
910,6504,234076,0,0,1
911,8703,182670,0,0,1
912,3048,190415,0,0,1
913,1113,198419,0,0,1
914,7608,123961,0,0,1
915,5696,130794,0,0,1
916,5492,190150,0,0,1
917,5433,164924,0,1,0
918,7017,230995,1,0,1
919,7091,182670,0,0,1
920,8854,216047,1,0,1
921,8703,190415,0,0,1
922,5217,186131,0,0,1
923,4619,144050,0,1,0
924,1125,130794,0,1,0
925,9528,131496,1,0,1
926,5908,168342,0,0,1
927,2973,198419,0,0,1
928,7158,417646,0,0,1
929,5654,217688,0,1,0
930,4561,131496,0,0,1
931,1209,190150,0,0,1
932,7697,186131,0,0,1
933,5620,230959,0,0,1
934,7788,161086,1,1,0
935,5743,164535,1,0,1
936,6274,486938,1,0,1
937,6714,229780,1,0,1
938,9495,198419,0,1,0
939,3219,168342,0,0,1
940,5178,180832,1,0,1
941,2618,131496,0,0,1
942,7229,230959,0,1,0
943,8055,144050,0,0,1
944,2406,131496,0,0,1
945,4224,131496,0,0,1
946,2865,166027,0,0,1
947,8554,164924,0,1,0
948,7798,164924,1,0,1
949,6903,191515,0,0,1
950,3436,161004,0,1,0
951,9178,164924,0,0,1
952,7798,182670,0,0,1
953,4707,168148,0,0,1
954,4091,168148,0,0,1
955,9833,161004,0,0,1
956,1685,190415,0,0,1
957,3504,131496,0,0,1
958,3180,230816,0,0,1
959,7659,144050,0,0,1
960,5007,190415,0,0,1
961,7699,198419,0,1,0
962,5742,132657,1,0,1
963,1125,131496,0,0,1
964,6728,230959,1,1,0
965,4246,190099,1,0,1
966,5517,168342,0,1,0
967,8098,131496,0,0,1
968,7744,182670,0,0,1
969,3639,164924,0,0,1
970,9801,230959,0,0,1
971,4091,230959,0,0,1
972,5444,196653,1,0,1
973,5492,454245,1,0,1
974,7959,161004,0,0,1
975,2046,164924,1,0,1
976,3800,166027,0,0,1
977,7229,186131,1,0,1
978,5480,164924,0,1,0
979,2618,198419,0,0,1
980,2026,234076,0,0,1
981,5210,217156,0,0,1
982,3603,131496,0,0,1
983,2711,198419,0,0,1
984,2080,161086,1,0,1
985,2032,166027,0,0,1
986,4619,192961,1,0,1
987,6373,168148,0,0,1
988,5178,167057,0,0,1
989,1842,198419,1,0,1
990,8703,198419,0,0,1
991,8719,154518,1,0,1
992,1970,191515,0,0,1
993,2777,198419,0,1,0
994,2857,161004,0,0,1
995,6485,162061,1,0,1
996,3471,182670,0,0,1
997,9128,182670,0,1,0
998,8620,130794,0,0,1
999,2987,463056,1,0,1
1000,6560,217156,0,0,1
1001,6714,161086,0,0,1
1002,8033,230959,0,0,1
1003,5337,198419,0,0,1
1004,7164,168148,0,0,1
1005,7788,166027,1,0,1
1006,4561,490319,1,0,1
1007,6820,121150,0,0,1
1008,1215,198419,0,0,1
1009,4359,436827,1,0,1
1010,8464,168148,0,0,1
1011,9799,164924,0,0,1
1012,2763,234076,1,1,0
1013,3306,166027,0,1,0
1014,9415,217156,0,0,1
1015,3768,160977,0,0,1
1016,8139,131496,1,1,0
1017,2388,217156,0,0,1
1018,5944,166027,0,0,1
1019,8086,234076,0,0,1
1020,5143,230959,0,0,1
1021,3686,182670,0,0,1
1022,8277,166027,0,0,1
1023,7763,160977,1,0,1
1024,8798,131496,0,0,1
1025,4246,131496,0,0,1
1026,8999,131496,0,0,1
1027,3349,130794,0,0,1
1028,1806,161004,0,0,1
1029,3750,230959,0,0,1
1030,7017,164924,0,0,1
1031,2414,166027,0,1,0
1032,4474,161004,0,0,1
1033,6009,217156,0,1,0
1034,7447,186131,0,0,1
1035,6288,217156,0,0,1
1036,3750,144005,0,1,0
1037,5827,198419,0,0,1
1038,2589,168148,0,0,1
1039,4474,161004,0,0,1
1040,1376,131496,0,0,1
1041,2373,168148,0,0,1
1042,2653,203845,0,0,1
1043,1215,167394,1,1,0
1044,2357,217156,0,0,1
1045,4763,230959,1,0,1
1046,1648,161086,1,0,1
1047,7699,168148,0,0,1
1048,8620,113582,1,0,1
1049,9844,166027,0,0,1
1050,4763,182634,1,0,1
1051,5696,198419,0,0,1
1052,2406,237561,1,0,1
1053,1842,164988,0,0,1
1054,3430,164924,1,1,0
1055,4858,198419,0,0,1
1056,5571,217156,0,0,1
1057,1020,152497,1,0,1
1058,1568,230959,0,0,1
1059,8566,166027,0,0,1
1060,6288,160959,1,0,1
1061,9905,191515,0,0,1
1062,6140,182670,0,0,1
1063,2307,186618,0,0,1
1064,5492,190415,0,0,1
1065,7098,130794,0,0,1
1066,4478,161086,0,1,0
1067,5603,166656,1,0,1
1068,2589,180416,1,1,0
1069,2046,217156,0,0,1
1070,1475,182670,0,0,1
1071,6689,217156,1,0,1
1072,4895,182670,0,0,1
1073,3346,234076,1,0,1
1074,8961,164924,0,0,1
1075,5529,198419,0,1,0
1076,9982,182670,0,0,1
1077,6903,230959,0,0,1
1078,8796,166489,0,0,1
1079,6800,230959,0,0,1
1080,6207,230959,0,0,1
1081,9859,164924,1,0,1
1082,8646,168342,0,0,1
1083,5813,190415,0,0,1
1084,3186,198419,0,0,1
1085,4798,168342,0,0,1
1086,9833,164924,0,0,1
1087,7271,126562,1,0,1
1088,1865,230959,0,0,1
1089,4881,161086,0,0,1
1090,4729,161004,0,1,0
1091,5197,491817,1,0,1
1092,2337,131496,0,1,0
1093,7075,161004,0,0,1
1094,6719,167288,1,0,1
1095,3349,190415,0,0,1
1096,7871,167288,1,0,1
1097,8722,166027,0,0,1
1098,2843,463056,1,0,1
1099,1175,213543,0,0,1
1100,1475,234076,1,0,1
1101,8168,476975,1,0,1
1102,3515,217156,0,0,1
1103,7697,164988,0,0,1
1104,8999,198419,0,0,1
1105,5696,182670,0,1,0
1106,6360,165936,1,0,1
1107,8723,234076,0,0,1
1108,5904,164924,0,0,1
1109,5783,214731,1,0,1
1110,6496,186131,0,0,1
1111,6139,131496,0,0,1
1112,8293,165644,0,0,1
1113,7164,165820,1,0,1
1114,7765,198419,0,0,1
1115,4940,160977,0,0,1
1116,1168,109785,1,0,1
1117,4798,186131,0,0,1
1118,2965,166027,0,0,1
1119,9982,172334,1,0,1
1120,4729,217156,0,0,1
1121,7548,239017,1,0,1
1122,4105,166027,0,0,1
1123,6645,166027,0,1,0
1124,3091,130794,1,0,1
1125,2609,168342,0,0,1
1126,9687,166027,0,0,1
1127,6123,217156,0,0,1
1128,1842,164924,0,0,1
1129,5904,164924,0,0,1
1130,2965,166027,0,0,1
1131,5064,182670,0,1,0
1132,3736,144050,0,0,1
1133,6288,191515,1,0,1
1134,5305,186131,0,0,1
1135,6700,190150,0,0,1
1136,4105,166027,0,0,1
1137,1136,182670,0,0,1
1138,5715,166027,0,0,1
1139,1867,164492,1,1,0
1140,3206,186131,0,0,1
1141,6496,217156,0,0,1
1142,6786,182670,0,1,0
1143,5007,198419,0,0,1
1144,1475,166027,0,0,1
1145,8293,191515,0,0,1
1146,1568,164924,0,0,1
1147,6515,186131,0,1,0
1148,7447,166027,0,0,1
1149,2326,230959,0,0,1
1150,5087,166027,0,0,1
1151,4490,198419,0,0,1
1152,6496,182670,0,0,1
1153,1648,120537,0,0,1
1154,6590,186131,1,0,1
1155,3483,164924,0,0,1
1156,6360,487524,1,0,1
1157,7779,161004,0,0,1
1158,1648,183044,1,0,1
1159,6714,198419,0,0,1
1160,6943,120768,0,0,1
1161,7017,130794,0,0,1
1162,4729,230995,1,0,1
1163,8703,217156,0,0,1
1164,3390,168148,0,0,1
1165,5511,144050,0,0,1
1166,7779,164988,0,0,1
1167,1464,488563,0,0,1
1168,2188,190150,0,0,1
1169,1534,186131,0,1,0
1170,6903,182670,0,0,1
1171,8554,217156,0,0,1
1172,2417,164924,0,0,1
1173,6560,166027,0,0,1
1174,5143,186131,0,0,1
1175,9973,191515,0,0,1
1176,3284,160977,0,0,1
1177,9982,186131,1,1,0
1178,1709,160977,0,0,1
1179,2094,487092,0,0,1
1180,5198,164562,1,0,1
1181,5511,186131,0,0,1
1182,1534,217156,0,0,1
1183,5186,182917,1,0,1
1184,4243,131496,0,1,0
1185,2435,190150,0,0,1
1186,6094,184773,1,0,1
1187,7809,217156,0,0,1
1188,8646,161086,0,1,0
1189,5352,198419,0,0,1
1190,4027,496618,0,0,1
1191,6467,168148,0,0,1
1192,5233,217156,0,0,1
1193,9269,233301,1,1,0
1194,7298,168148,0,0,1
1195,4760,198419,0,0,1
1196,4760,186131,1,0,1
1197,2032,144050,0,0,1
1198,4895,186131,0,1,0
1199,4379,130794,0,0,1
1200,7984,230959,0,0,1
1201,3504,164924,0,0,1
1202,2466,441937,1,0,1
1203,2763,190150,0,0,1
1204,5352,182670,0,0,1
1205,5529,166027,0,0,1
1206,3342,166027,0,0,1
1207,5186,164924,0,0,1
1208,6009,164924,0,0,1
1209,4749,182670,0,0,1
1210,1125,182670,1,0,1
1211,4701,190415,0,0,1
1212,4103,164988,0,0,1
1213,8027,182670,0,1,0
1214,9046,182670,0,0,1
1215,9221,191515,0,0,1
1216,2414,161004,0,0,1
1217,6340,182670,0,0,1
1218,5492,234076,0,0,1
1219,3543,190150,0,0,1
1220,3517,198419,0,0,1
1221,3164,164988,0,0,1
1222,6903,217156,0,0,1
1223,7132,161004,0,0,1
1224,6454,217493,0,0,1
1225,8999,164924,0,0,1
1226,6974,190150,0,0,1
1227,6961,214476,1,0,1
1228,3884,168342,0,0,1
1229,5419,230959,1,0,1
1230,2080,130794,0,0,1
1231,4760,129020,1,1,0
1232,2174,182670,0,1,0
1233,8999,231095,1,0,1
1234,5792,190415,0,0,1
1235,5923,190150,0,0,1
1236,1866,230959,0,0,1
1237,9844,238458,0,0,1
1238,7758,164924,0,0,1
1239,5051,160977,0,0,1
1240,2032,161022,1,0,1
1241,4858,168148,0,0,1
1242,2653,160977,0,0,1
1243,2636,168342,0,1,0
1244,6200,164924,0,0,1
1245,5253,130794,0,0,1
1246,3206,182670,0,1,0
1247,7098,168148,1,0,1
1248,5743,182670,0,0,1
1249,5667,382416,1,0,1
1250,7984,174020,1,0,1
1251,6454,167729,0,0,1
1252,5671,217156,0,0,1
1253,3677,198419,0,0,1
1254,2308,166027,0,0,1
1255,4490,130794,0,0,1
1256,6400,166027,0,1,0
1257,1015,164924,0,0,1
1258,4801,167871,0,0,1
1259,8098,160977,0,0,1
1260,9982,234076,0,0,1
1261,3134,166027,0,0,1
1262,2843,166027,0,0,1
1263,3190,182670,0,1,0
1264,2388,161004,0,0,1
1265,9200,166027,0,1,0
1266,4027,239017,1,1,0
1267,2727,166027,0,0,1
1268,6140,128902,1,0,1
1269,4619,234076,0,0,1
1270,7451,491613,1,0,1
1271,5087,168342,0,0,1
1272,3346,168342,0,0,1
1273,6943,198419,0,1,0
1274,3164,161004,0,0,1
1275,4421,144050,0,1,0
1276,5277,198419,0,0,1
1277,4619,161004,0,0,1
1278,2337,161004,0,0,1
1279,9518,160977,0,0,1
1280,1064,190150,0,0,1
1281,3683,131496,0,0,1
1282,3985,160977,0,0,1
1283,9973,186131,0,0,1
1284,6288,168148,1,0,1
1285,6347,166027,0,0,1
1286,9046,166027,0,0,1
1287,9195,167792,1,0,1
1288,6866,131496,0,0,1
1289,8623,164924,0,0,1
1290,5198,166027,0,1,0
1291,7200,373711,1,0,1
1292,8033,166027,0,0,1
1293,2711,131496,0,0,1
1294,8722,168148,0,0,1
1295,4331,131496,0,0,1
1296,7466,164924,0,0,1
1297,5762,234076,0,0,1
1298,6560,168148,1,0,1
1299,2951,168342,0,0,1
1300,5962,166027,0,0,1
1301,4763,217156,0,1,0
1302,2486,198419,0,1,0
1303,4379,206604,1,0,1
1304,7758,169716,1,0,1
1305,3277,168148,0,0,1
1306,2991,138354,0,0,1
1307,8723,161086,0,0,1
1308,1228,198419,1,0,1
1309,8550,190415,0,1,0
1310,6340,191515,0,0,1
1311,5511,198419,0,0,1
1312,9178,447263,1,0,1
1313,2032,192749,1,0,1
1314,8791,164924,0,0,1
1315,7744,190415,0,0,1
1316,4016,166027,0,0,1
1317,6354,198419,0,0,1
1318,6288,130314,1,0,1
1319,3950,161086,0,0,1
1320,1594,190415,0,1,0
1321,5169,164924,1,0,1
1322,2357,130794,0,0,1
1323,8055,166027,0,0,1
1324,9584,191515,0,0,1
1325,7331,166027,1,1,0
1326,4478,182670,0,0,1
1327,8854,224545,1,0,1
1328,3750,230959,0,0,1
1329,1776,166018,0,0,1
1330,7545,198419,0,0,1
1331,3686,194958,1,1,0
1332,8277,217156,0,0,1
1333,5904,165264,1,0,1
1334,9475,166027,0,1,0
1335,4289,182670,0,0,1
1336,1047,161004,0,0,1
1337,3425,153278,1,0,1
1338,7809,166027,0,0,1
1339,5517,218061,1,0,1
1340,6335,151388,1,1,0
1341,6714,166027,0,0,1
1342,8121,217156,0,0,1
1343,5186,247649,1,0,1
1344,2283,164988,0,0,1
1345,4858,161004,0,0,1
1346,7451,166027,0,1,0
1347,3390,217156,0,0,1
1348,5517,166027,0,0,1
1349,4316,186131,0,0,1
1350,5391,166027,0,0,1
1351,6903,217156,0,0,1
1352,2763,480781,0,0,1
1353,5481,168148,0,1,0
1354,7382,190150,0,1,0
1355,6140,476975,1,0,1
1356,7809,240107,1,0,1
1357,4798,164924,0,0,1
1358,3164,164988,1,0,1
1359,6689,168148,0,0,1
1360,4763,191515,0,0,1
1361,6728,183080,1,0,1
1362,2204,191515,0,0,1
1363,3194,164924,1,0,1
1364,2991,164924,0,0,1
1365,7091,130794,0,0,1
1366,4316,168148,0,0,1
1367,3284,130314,1,0,1
1368,8014,144050,0,0,1
1369,5181,168342,0,0,1
1370,8703,160074,1,0,1
1371,1970,211981,1,0,1
1372,9702,168342,1,0,1
1373,7697,193584,1,0,1
1374,7451,182670,0,0,1
1375,9061,186131,0,0,1
1376,7447,198419,0,1,0
1377,5337,164924,0,0,1
1378,8722,166027,0,0,1
1379,4881,166027,0,0,1
1380,4540,164924,0,0,1
1381,1685,164988,0,0,1
1382,2414,190415,0,0,1
1383,5653,166027,0,1,0
1384,5337,165866,1,0,1
1385,1064,168342,0,0,1
1386,5962,234076,1,0,1
1387,9844,237561,1,0,1
1388,2388,230959,0,0,1
1389,6728,230959,0,0,1
1390,1568,131496,0,0,1
1391,6567,166027,0,0,1
1392,1064,166027,0,1,0
1393,5671,161086,0,0,1
1394,5337,144050,0,1,0
1395,4798,164924,0,1,0
1396,4035,128498,0,0,1
1397,4801,182670,0,0,1
1398,1020,144050,0,1,0
1399,9501,131496,0,0,1
1400,2618,446561,0,0,1
1401,3164,190150,0,0,1
1402,1709,161518,0,0,1
1403,3504,164924,0,0,1
1404,3767,247649,0,1,0
1405,4246,166027,1,0,1
1406,7466,166027,0,0,1
1407,3342,230959,0,0,1
1408,2727,198419,0,0,1
1409,2086,164924,0,0,1
1410,3504,161086,0,0,1
1411,9221,186131,1,0,1
1412,1599,161509,1,1,0
1413,8033,131496,1,0,1
1414,5511,168148,0,0,1
1415,5198,198419,0,0,1
1416,2973,165802,1,0,1
1417,6846,164988,0,0,1
1418,4474,122728,1,0,1
1419,8114,182670,0,0,1
1420,6719,161004,0,0,1
1421,3342,183071,0,0,1
1422,3390,217156,0,0,1
1423,6590,164988,0,0,1
1424,2619,165820,1,0,1
1425,7164,198419,0,0,1
1426,6094,129525,0,0,1
1427,5337,190415,0,0,1
1428,7132,190415,0,0,1
1429,8352,161086,0,0,1
1430,9518,191515,0,0,1
1431,2095,164924,0,0,1
1432,3507,191515,1,0,1
1433,6934,190415,0,0,1
1434,3346,131496,0,0,1
1435,3639,168342,0,0,1
1436,9871,190150,0,0,1
1437,5603,130697,0,0,1
1438,4701,166027,0,0,1
1439,9666,234076,0,0,1
1440,6373,234076,0,0,1
1441,9528,217156,0,0,1
1442,4316,164924,0,0,1
1443,8086,161004,0,0,1
1444,7699,208725,0,0,1
1445,1842,130794,0,0,1
1446,7984,149310,1,0,1
1447,4091,217156,1,0,1
1448,2727,166027,0,0,1
1449,9687,166027,0,0,1
1450,3694,168342,0,0,1
1451,5571,131496,0,0,1
1452,3543,130794,0,1,0
1453,6335,198419,0,0,1
1454,2194,230959,0,0,1
1455,2030,231165,1,0,1
1456,4701,166027,0,0,1
1457,1970,131496,0,0,1
1458,2194,182670,0,0,1
1459,5813,131496,0,0,1
1460,6515,234076,0,0,1
1461,2556,217156,0,1,0
1462,2435,493594,0,0,1
1463,8614,131496,0,0,1
1464,5078,240727,1,0,1
1465,3717,167057,1,0,1
1466,5169,166027,0,0,1
1467,3507,168148,0,0,1
1468,6200,131496,0,0,1
1469,5528,436827,1,0,1
1470,3074,167729,1,0,1
1471,5169,133809,1,0,1
1472,5988,166027,0,1,0
1473,3277,191515,0,0,1
1474,7608,164924,0,0,1
1475,7779,182670,0,0,1
1476,4027,168148,0,0,1
1477,3884,164562,1,0,1
1478,2388,234076,0,0,1
1479,3517,230959,0,0,1
1480,1594,230995,1,0,1
1481,5671,160755,1,0,1
1482,3306,230959,0,0,1
1483,3800,182670,0,0,1
1484,3219,182670,0,0,1
1485,1866,217156,0,0,1
1486,7758,198419,0,0,1
1487,6360,164924,1,0,1
1488,6800,209056,1,0,1
1489,6826,182670,0,0,1
1490,1107,181297,1,1,0
1491,1005,164924,0,0,1
1492,6288,190150,0,0,1
1493,3417,183026,1,0,1
1494,4898,166027,0,1,0
1495,3134,182670,0,1,0
1496,6580,168148,0,0,1
1497,8614,162760,1,0,1
1498,3342,166656,1,0,1
1499,3390,230959,0,0,1
1500,9180,165699,1,0,1
1501,2466,191515,0,0,1
1502,2326,161004,1,0,1
1503,9702,160977,0,0,1
1504,6820,160977,1,0,1
1505,1934,168342,1,1,0
1506,9871,168254,1,0,1
1507,5957,190415,0,0,1
1508,9937,167358,0,0,1
1509,8566,234076,0,0,1
1510,5078,168148,0,0,1
1511,5391,164924,0,0,1
1512,5376,161086,0,0,1
1513,8098,144050,0,0,1
1514,6159,125727,0,1,0
1515,7209,160977,0,0,1
1516,4934,164924,0,0,1
1517,6337,206084,1,0,1
1518,3390,164988,0,0,1
1519,9718,131496,0,0,1
1520,9128,166027,0,0,1
1521,6425,166027,0,0,1
1522,6207,198419,0,0,1
1523,3750,166027,0,0,1
1524,4701,186131,1,1,0
1525,2619,463056,1,0,1
1526,1113,166027,0,0,1
1527,2046,161004,0,0,1
1528,1168,190415,0,0,1
1529,2653,131496,0,0,1
1530,5783,161004,0,0,1
1531,9700,234076,0,0,1
1532,6974,144050,0,0,1
1533,2094,130794,0,1,0
1534,2965,144050,0,0,1
1535,3736,491622,1,0,1
1536,6567,186131,1,1,0
1537,4608,166027,0,0,1
1538,8027,166692,1,0,1
1539,1865,168148,0,0,1
1540,3964,125727,1,0,1
1541,7132,487524,1,0,1
1542,2406,190150,0,0,1
1543,3184,217156,0,0,1
1544,5332,164988,0,0,1
1545,5603,190512,1,0,1
1546,6846,213367,1,0,1
1547,1776,230959,0,0,1
1548,4487,198419,0,0,1
1549,7798,130794,1,0,1
1550,1934,130794,1,0,1
1551,2026,195030,0,0,1
1552,2388,198419,0,0,1
1553,2174,166027,1,0,1
1554,4619,243799,0,0,1
1555,6347,131496,0,0,1
1556,6560,161086,0,0,1
1557,4964,198419,0,0,1
1558,6736,167792,1,0,1
1559,7588,166027,0,1,0
1560,3471,144050,1,0,1
1561,3825,182670,0,0,1
1562,7959,182670,0,1,0
1563,8014,161004,0,0,1
1564,3190,164924,1,0,1
1565,4858,190415,0,0,1
1566,1463,149781,0,0,1
1567,9360,369668,0,0,1
1568,7111,191515,0,0,1
1569,7659,217536,1,0,1
1570,1648,161004,0,0,1
1571,2283,130794,0,0,1
1572,2204,165264,0,0,1
1573,5433,217156,0,0,1
1574,8114,191515,0,0,1
1575,6903,168342,0,0,1
1576,3985,131496,1,0,1
1577,2466,164924,0,0,1
1578,5352,481410,1,1,0
1579,5419,130794,0,0,1
1580,2308,494463,1,0,1
1581,4701,166027,0,0,1
1582,5197,166027,0,0,1
1583,7271,209506,1,0,1
1584,7598,198419,0,0,1
1585,3346,161086,0,0,1
1586,2185,160977,0,0,1
1587,8620,166027,0,1,0
1588,2435,182670,0,0,1
1589,9180,161004,1,0,1
1590,4246,182670,1,1,0
1591,4824,168342,0,1,0
1592,6200,161004,0,1,0
1593,3985,447263,1,1,0
1594,3677,131496,0,0,1
1595,5988,168421,1,0,1
1596,8257,166027,0,0,1
1597,1119,166027,1,0,1
1598,7849,182670,0,0,1
1599,9046,217156,0,0,1
1600,6360,130794,0,0,1
1601,4246,182670,0,0,1
1602,5528,234076,0,0,1
1603,6590,168342,0,0,1
1604,4035,182670,0,0,1
1605,2361,186131,0,0,1
1606,6123,182670,0,0,1
1607,9891,190150,0,0,1
1608,8854,168148,0,0,1
1609,3677,166124,0,1,0
1610,1970,166027,0,0,1
1611,7017,131496,0,0,1
1612,6389,198419,0,0,1
1613,4162,198419,0,0,1
1614,3430,164924,0,0,1
1615,7779,166027,1,0,1
1616,6347,234076,0,0,1
1617,1463,217156,0,0,1
1618,5376,168148,0,0,1
1619,1648,131496,0,0,1
1620,5923,191515,0,1,0
1621,7598,182670,0,0,1
1622,9746,203517,1,0,1
1623,8952,191515,0,0,1
1624,3342,168148,0,0,1
1625,2410,186131,0,0,1
1626,1064,198419,0,0,1
1627,5143,228149,1,0,1
1628,5762,122436,0,0,1
1629,9973,166027,0,0,1
1630,5179,164924,0,0,1
1631,6719,191515,0,0,1
1632,7798,217156,0,0,1
1633,1286,166027,0,0,1
1634,2618,437237,0,0,1
1635,6485,193399,1,1,0
1636,6288,130794,0,0,1
1637,2711,180461,1,1,0
1638,5889,161457,1,0,1
1639,7271,129525,1,0,1
1640,9783,129020,0,0,1
1641,2026,166027,0,0,1
1642,3686,130943,1,0,1
1643,2030,131496,0,1,0
1644,9833,230959,0,1,0
1645,3825,131496,0,0,1
1646,2880,168342,0,0,1
1647,3164,161086,1,0,1
1648,4798,217156,0,0,1
1649,6288,490498,1,0,1
1650,9801,198419,0,0,1
1651,3299,131496,0,1,0
1652,4103,186131,0,0,1
1653,1475,168342,0,0,1
1654,9666,234076,0,0,1
1655,1107,214476,1,0,1
1656,3184,190415,0,0,1
1657,6903,168342,0,0,1
1658,2357,138558,1,0,1
1659,7779,198419,0,0,1
1660,6786,217156,0,0,1
1661,5944,168342,0,0,1
1662,4801,165662,0,0,1
1663,7871,130794,0,0,1
1664,6335,164924,0,0,1
1665,6439,166027,0,0,1
1666,5391,217156,0,0,1
1667,6123,217156,0,1,0
1668,8550,164924,0,0,1
1669,4162,165264,1,0,1
1670,4103,194824,1,1,0
1671,3576,161086,0,1,0
1672,6435,182670,0,0,1
1673,4895,182670,0,0,1
1674,1424,231420,0,0,1
1675,8854,198419,1,1,0
1676,7377,131496,0,0,1
1677,2361,166027,0,0,1
1678,1005,168148,0,0,1
1679,6890,183211,1,0,1
1680,3164,198598,1,0,1
1681,4707,191515,0,1,0
1682,5696,164924,0,0,1
1683,1209,166027,0,0,1
1684,6829,198419,0,0,1
1685,3164,144050,0,1,0
1686,5253,164924,0,0,1
1687,2556,166027,0,0,1
1688,2258,160977,0,0,1
1689,9891,161004,0,0,1
1690,3531,166027,0,0,1
1691,7849,197744,1,0,1
1692,7788,168148,0,0,1
1693,5277,217156,0,0,1
1694,5217,161004,1,0,1
1695,5889,164988,0,0,1
1696,8620,161235,1,0,1
1697,8098,212106,1,1,0
1698,2612,164924,0,1,0
1699,4824,133863,1,0,1
1700,3122,130226,1,0,1
1701,1064,182670,0,0,1
1702,7763,131496,0,0,1
1703,4729,168148,0,0,1
1704,6560,168342,0,0,1
1705,4259,131496,0,0,1
1706,2357,384421,1,0,1
1707,3048,161341,1,1,0
1708,9718,183071,1,0,1
1709,4801,198419,0,1,0
1710,8719,234076,1,1,0
1711,8961,234076,1,0,1
1712,3186,166027,0,0,1
1713,3800,171492,1,0,1
1714,6367,214166,1,0,1
1715,7608,168148,0,0,1
1716,3219,168421,1,0,1
1717,5078,168148,0,0,1
1718,7608,490133,1,0,1
1719,6139,164924,0,0,1
1720,3186,164924,0,0,1
1721,5742,166027,0,0,1
1722,1776,183211,1,0,1
1723,9518,164924,0,1,0
1724,7091,487658,0,0,1
1725,1252,486026,1,0,1
1726,1261,217819,1,1,0
1727,4801,183080,1,0,1
1728,4215,168342,1,0,1
1729,2032,190415,0,0,1
1730,3299,488785,1,0,1
1731,5277,164988,0,0,1
1732,2258,161004,0,0,1
1733,6543,144050,0,0,1
1734,9905,168342,0,0,1
1735,3683,166027,0,0,1
1736,5923,106412,1,0,1
1737,9973,191515,0,0,1
1738,2174,164924,1,0,1
1739,6439,130794,0,0,1
1740,4189,164924,0,0,1
1741,4953,131496,0,0,1
1742,1252,217156,0,0,1
1743,7209,164924,0,0,1
1744,9783,166027,0,0,1
1745,2337,130226,1,0,1
1746,6945,191515,0,0,1
1747,7075,230959,0,0,1
1748,2794,160977,0,0,1
1749,6786,186131,0,0,1
1750,3750,234076,0,0,1
1751,3074,182670,0,0,1
1752,9269,198419,0,0,1
1753,3825,217156,0,0,1
1754,5957,167057,1,0,1
1755,2843,130794,0,1,0
1756,7849,165936,0,0,1
1757,6400,131496,0,0,1
1758,2080,198419,0,0,1
1759,5944,161004,0,0,1
1760,9221,164988,0,0,1
1761,6207,230889,1,0,1
1762,4798,482431,0,0,1
1763,8796,191515,0,0,1
1764,5653,161004,0,0,1
1765,9046,217156,0,0,1
1766,9846,131496,0,1,0
1767,5143,128744,1,0,1
1768,8114,130794,0,0,1
1769,2951,198419,1,0,1
1770,6820,182670,0,0,1
1771,6360,168342,0,0,1
1772,3425,161004,0,0,1
1773,5813,161004,0,1,0
1774,7075,168342,0,0,1
1775,9687,168342,0,1,0
1776,9374,164739,1,0,1
1777,1136,167792,1,0,1
1778,2486,168342,0,0,1
1779,1534,230959,0,0,1
1780,3717,186131,0,0,1
1781,8936,234076,0,0,1
1782,4331,130314,1,0,1
1783,8936,182670,0,0,1
1784,3483,161086,1,0,1
1785,3603,129215,0,0,1
1786,9415,217156,0,0,1
1787,4091,131469,0,0,1
1788,4608,182670,0,0,1
1789,6665,131496,1,1,0
1790,1125,198419,0,0,1
1791,2711,194958,1,0,1
1792,1867,168148,0,0,1
1793,5529,230959,0,0,1
1794,2373,210669,0,0,1
1795,9746,161086,0,0,1
1796,3507,166027,1,0,1
1797,2412,166027,0,0,1
1798,7798,164988,0,0,1
1799,6958,168342,1,0,1
1800,5743,161004,0,0,1
1801,7659,168342,0,0,1
1802,8999,198419,0,0,1
1803,5169,190415,0,0,1
1804,2388,168342,0,0,1
1805,2388,161086,0,0,1
1806,6354,131496,0,0,1
1807,2361,130794,0,0,1
1808,3677,167394,1,0,1
1809,1116,160977,0,0,1
1810,7959,167835,0,0,1
1811,9937,129941,0,0,1
1812,3430,168342,0,0,1
1813,5253,164924,0,1,0
1814,9046,172033,1,0,1
1815,7098,168148,0,0,1
1816,1064,164924,0,0,1
1817,9521,144050,0,1,0
1818,7451,130794,0,0,1
1819,7200,161004,0,1,0
1820,5376,217156,0,0,1
1821,2259,203544,0,0,1
1822,6009,164924,0,0,1
1823,2337,168342,0,0,1
1824,2414,114354,0,0,1
1825,6943,131496,0,0,1
1826,1376,217156,0,0,1
1827,2059,168342,0,0,1
1828,3483,168342,0,1,0
1829,5528,160977,0,0,1
1830,6786,139861,1,0,1
1831,7763,113582,1,0,1
1832,8703,191515,0,1,0
1833,6866,431266,1,0,1
1834,6567,182670,0,0,1
1835,9746,168148,1,0,1
1836,6961,217156,0,0,1
1837,1376,247773,0,0,1
1838,2412,161004,0,0,1
1839,6439,217156,0,0,1
1840,2417,161004,0,0,1
1841,4934,166027,0,0,1
1842,7588,182670,0,0,1
1843,7984,217156,0,1,0
1844,2086,182670,0,0,1
1845,4964,198419,0,1,0
1846,3342,182670,0,0,1
1847,3190,164988,0,0,1
1848,8279,166452,1,0,1
1849,7158,131496,0,0,1
1850,2307,164924,0,0,1
1851,4619,234076,0,0,1
1852,2417,130794,0,0,1
1853,3219,161004,0,1,0
1854,1501,217156,0,0,1
1855,2609,191515,0,0,1
1856,8158,216597,0,0,1
1857,6934,165024,0,0,1
1858,5444,161086,0,0,1
1859,6274,166027,0,0,1
1860,2357,198419,0,0,1
1861,2188,234076,1,1,0
1862,8293,234076,0,0,1
1863,1568,161004,0,0,1
1864,1116,130776,1,0,1
1865,4016,230959,0,0,1
1866,6560,168148,0,0,1
1867,3190,164924,1,0,1
1868,2973,217156,0,0,1
1869,9659,217156,0,0,1
1870,4707,164988,0,0,1
1871,9700,164924,0,0,1
1872,3186,230959,0,0,1
1873,1125,183026,1,0,1
1874,4858,164614,1,0,1
1875,7758,198419,0,0,1
1876,9497,164924,0,1,0
1877,8257,230959,0,0,1
1878,4379,166027,0,0,1
1879,3717,239318,1,1,0
1880,5889,164924,0,0,1
1881,6111,168342,0,0,1
1882,2308,231095,1,0,1
1883,1168,182670,0,1,0
1884,5743,231059,1,0,1
1885,2086,230852,0,0,1
1886,9700,166027,0,0,1
1887,9783,217156,0,1,0
1888,5481,161086,0,0,1
1889,4421,168342,1,0,1
1890,2556,168342,0,0,1
1891,7466,164924,0,1,0
1892,7447,144050,0,0,1
1893,6590,217156,0,0,1
1894,5696,190415,0,0,1
1895,7849,166027,0,0,1
1896,7209,166027,0,0,1
1897,4707,166027,0,0,1
1898,6360,182670,0,0,1
1899,4461,166939,1,0,1
1900,1970,164924,0,0,1
1901,1015,168342,0,0,1
1902,8405,130794,0,1,0
1903,5391,198419,0,0,1
1904,7758,131496,0,0,1
1905,6123,160977,0,0,1
1906,2337,166027,0,0,1
1907,7788,198419,0,0,1
1908,9415,222178,1,1,0
1909,6140,190150,0,0,1
1910,7779,166027,0,0,1
1911,2967,190415,0,1,0
1912,6567,182670,0,0,1
1913,9891,217536,1,0,1
1914,5962,166027,0,0,1
1915,7548,482556,1,0,1
1916,6009,166027,0,0,1
1917,4331,166027,0,1,0
1918,2466,230959,0,0,1
1919,3206,167871,0,0,1
1920,3517,231095,1,0,1
1921,3122,166027,0,0,1
1922,3736,166027,1,0,1
1923,7871,161004,0,0,1
1924,2882,191515,1,1,0
1925,7209,164924,1,0,1
1926,9702,166638,1,0,1
1927,3767,164924,0,0,1
1928,3206,190150,0,0,1
1929,8623,228459,1,0,1
1930,1215,219903,1,0,1
1931,6496,130794,0,0,1
1932,5620,131496,0,0,1
1933,4798,217156,0,0,1
1934,5384,230959,1,0,1
1935,4763,130794,0,0,1
1936,4289,216764,1,1,0
1937,6124,198419,0,0,1
1938,5483,191515,0,0,1
1939,6728,144050,0,0,1
1940,4561,213987,1,1,0
1941,2794,161086,0,0,1
1942,2204,144050,0,1,0
1943,5762,168342,0,0,1
1944,2865,164924,0,1,0
1945,6389,143048,1,0,1
1946,4964,182670,0,0,1
1947,7075,191515,0,0,1
1948,9718,168342,0,0,1
1949,9833,168148,0,0,1
1950,1842,182670,0,0,1
1951,3277,230959,0,1,0
1952,2951,198419,0,0,1
1953,4461,198419,0,0,1
1954,9495,164924,0,0,1
1955,9178,131496,0,0,1
1956,5087,161004,0,0,1
1957,4792,131496,0,0,1
1958,9326,399911,1,1,0
1959,6943,217156,0,0,1
1960,7849,165662,1,0,1
1961,1297,161086,0,0,1
1962,9846,133881,1,0,1
1963,1159,164924,0,1,0
1964,6665,497213,1,0,1
1965,9782,230959,0,1,0
1966,3306,168342,0,0,1
1967,6645,217156,0,0,1
1968,3515,168148,0,1,0
1969,1685,166027,0,0,1
1970,1284,243780,0,0,1
1971,1709,182670,1,0,1
1972,8796,191515,1,0,1
1973,7540,164988,0,1,0
1974,5217,144050,0,1,0
1975,3717,234076,0,0,1
1976,6274,161004,1,0,1
1977,1776,168148,0,0,1
1978,3677,160977,0,0,1
1979,9012,167996,1,1,0
1980,3460,131496,1,0,1
1981,5783,166027,0,0,1
1982,2194,161457,1,0,1
1983,2991,161004,0,0,1
1984,9982,217156,0,0,1
1985,4729,166027,0,0,1
1986,7548,164924,0,0,1
1987,4969,190415,0,1,0
1988,6432,164924,0,0,1
1989,5696,211024,1,0,1
1990,4331,186131,0,0,1
1991,6866,191515,0,0,1
1992,1107,168342,0,0,1
1993,7271,161004,0,0,1
1994,7681,211635,0,0,1
1995,7608,168148,1,0,1
1996,6389,161004,0,0,1
1997,7377,168342,0,0,1
1998,5391,445692,1,0,1
1999,5889,217156,0,0,1
2000,3736,234076,0,0,1
2001,2727,168254,1,0,1
2002,3342,161086,0,0,1
2003,8723,130794,0,0,1
2004,7017,186131,0,0,1
2005,4858,165936,0,0,1
2006,7132,166027,0,0,1
2007,7718,191515,0,0,1
2008,8086,144050,0,0,1
2009,4189,168342,1,0,1
2010,8798,168342,0,0,1
2011,3134,230959,1,0,1
2012,8121,166027,0,0,1
2013,8620,166027,0,0,1
2014,9800,166027,0,1,0
2015,1501,217156,0,0,1
2016,2075,191515,0,1,0
2017,3964,164924,0,0,1
2018,3284,131496,0,0,1
2019,5337,190415,0,0,1
2020,5827,165060,0,1,0
2021,4896,190415,0,0,1
2022,6906,160977,0,0,1
2023,7598,198419,0,1,0
2024,5305,182670,0,0,1
2025,1047,182670,0,0,1
2026,4501,229018,1,0,1
2027,1842,191515,0,0,1
2028,3091,164924,0,0,1
2029,3543,168148,0,0,1
2030,3686,190415,0,0,1
2031,2857,161004,0,0,1
2032,6444,182670,0,1,0
2033,9291,186131,0,0,1
2034,6124,160977,0,0,1
2035,5444,168148,1,0,1
2036,8121,230959,1,0,1
2037,2417,217156,0,0,1
2038,5197,168342,0,0,1
2039,7871,182670,0,0,1
2040,8854,190150,0,0,1
2041,7298,217156,0,1,0
2042,2326,161086,0,0,1
2043,5792,164924,0,0,1
2044,3736,161004,0,0,1
2045,6665,145372,1,0,1
2046,8722,164924,0,0,1
2047,5944,217156,1,0,1
2048,4608,130493,1,0,1
2049,1709,129774,1,0,1
2050,8723,166027,0,0,1
2051,7017,218061,1,0,1
2052,5384,186131,0,0,1
2053,5889,161004,0,0,1
2054,4934,236452,1,0,1
2055,4619,198419,1,0,1
2056,3750,161004,0,0,1
2057,1376,198419,0,0,1
2058,1005,130794,0,1,0
2059,7697,164988,0,0,1
2060,1972,183062,1,1,0
2061,2188,170976,0,0,1
2062,3664,161086,1,0,1
2063,5444,234076,1,0,1
2064,7447,131496,0,0,1
2065,5620,168342,0,0,1
2066,1015,166027,0,0,1
2067,5742,217156,0,1,0
2068,1107,166027,0,0,1
2069,7681,161086,1,0,1
2070,8999,131496,0,0,1
2071,4564,190415,0,1,0
2072,2337,168342,1,0,1
2073,9012,161086,0,0,1
2074,8464,190415,0,1,0
2075,5007,217156,0,0,1
2076,8722,166027,0,0,1
2077,5305,164924,0,0,1
2078,2951,182670,0,0,1
2079,6590,214740,1,0,1
2080,5483,191515,0,0,1
2081,2259,164924,1,0,1
2082,7809,198419,0,1,0
2083,1776,126818,1,0,1
2084,5792,198419,0,0,1
2085,4749,191515,0,0,1
2086,9221,209551,1,0,1
2087,3277,166027,0,0,1
2088,2486,166027,0,0,1
2089,5813,153375,1,0,1
2090,6400,166027,0,0,1
2091,1867,198419,0,0,1
2092,2326,230959,0,0,1
2093,9584,190415,0,0,1
2094,4896,182670,0,0,1
2095,8114,234076,0,0,1
2096,8293,230959,0,0,1
2097,1125,190415,0,0,1
2098,5990,164988,0,0,1
2099,6665,198419,0,0,1
2100,9891,166629,1,0,1
2101,7798,198419,0,0,1
2102,7382,161004,0,0,1
2103,1914,166124,1,0,1
2104,4123,211024,1,0,1
2105,5731,182670,0,0,1
2106,1116,147536,1,0,1
2107,8114,156213,1,0,1
2108,6094,164924,0,0,1
2109,6186,182670,0,0,1
2110,3884,166027,0,1,0
2111,5376,168342,0,0,1
2112,2388,217156,0,0,1
2113,6444,166027,0,0,1
2114,4027,166027,0,0,1
2115,3683,217156,0,0,1
2116,6400,161235,1,0,1
2117,5087,194958,1,0,1
2118,5169,191515,0,0,1
2119,2080,131496,0,0,1
2120,8033,166027,0,0,1
2121,9475,161004,0,0,1
2122,5475,164924,0,0,1
2123,8614,234076,0,0,1
2124,6504,131496,0,1,0
2125,9659,162928,0,0,1
2126,5783,160977,0,0,1
2127,7229,161563,1,0,1
2128,8566,230959,0,0,1
2129,6903,182670,0,0,1
2130,3694,198419,0,0,1
2131,7588,182670,0,0,1
2132,7809,161086,1,0,1
2133,6719,161004,0,0,1
2134,5529,191515,0,0,1
2135,2133,130794,0,0,1
2136,6186,161086,0,0,1
2137,1286,182670,0,1,0
2138,5444,449612,1,0,1
2139,7164,166027,0,0,1
2140,2501,144050,0,0,1
2141,6485,210146,1,0,1
2142,9112,198419,0,1,0
2143,3964,164924,0,0,1
2144,3349,161086,0,0,1
2145,1475,198419,0,0,1
2146,9687,161004,0,0,1
2147,7871,130794,0,0,1
2148,6846,190691,0,1,0
2149,9415,131496,0,0,1
2150,5944,164988,0,1,0
2151,8464,232618,1,0,1
2152,9746,166027,0,0,1
2153,6454,234076,0,0,1
2154,6094,234076,0,0,1
2155,5492,487658,0,0,1
2156,3694,230959,1,0,1
2157,7200,230816,1,0,1
2158,6439,186131,0,1,0
2159,8700,217156,0,0,1
2160,1119,186131,1,0,1
2161,7229,161086,0,0,1
2162,7744,234076,0,0,1
2163,5762,144050,1,0,1
2164,7871,190415,1,0,1
2165,3768,164924,0,0,1
2166,2412,230959,0,0,1
2167,4379,190415,1,1,0
2168,2133,198419,0,0,1
2169,8961,164924,0,0,1
2170,6274,161563,1,0,1
2171,5179,182670,0,1,0
2172,2843,161086,0,0,1
2173,3342,164924,0,0,1
2174,3686,148405,0,0,1
2175,4105,131496,1,0,1
2176,3134,164924,1,0,1
2177,1228,161004,0,0,1
2178,6374,230959,0,0,1
2179,5277,164580,1,1,0
2180,5957,131496,0,0,1
2181,9891,164988,0,0,1
2182,2882,164924,0,0,1
2183,3186,131496,0,0,1
2184,5143,168342,0,1,0
2185,3504,131496,0,1,0
2186,4707,217156,0,0,1
2187,9891,130794,0,0,1
2188,2086,190415,0,0,1
2189,3800,217156,0,0,1
2190,6159,161004,1,0,1
2191,5653,192712,0,0,1
2192,2026,191515,0,1,0
2193,7098,234076,0,0,1
2194,2727,166027,0,0,1
2195,4798,198419,0,0,1
2196,9518,190150,0,0,1
2197,4826,441982,0,1,0
2198,7871,160621,0,0,1
2199,5988,194578,0,0,1
2200,3417,161004,0,0,1
2201,8798,144050,0,0,1
2202,2736,190415,0,0,1
2203,6719,164924,0,0,1
2204,1685,161004,0,1,0
2205,4189,164924,0,0,1
2206,1709,217156,0,0,1
2207,8248,123280,1,0,1
2208,1175,125763,1,0,1
2209,2417,199157,1,0,1
2210,5731,161004,0,0,1
2211,4474,159009,1,0,1
2212,3460,183044,1,0,1
2213,1534,166027,0,0,1
2214,2727,131496,0,0,1
2215,6340,234076,0,0,1
2216,3436,137953,1,0,1
2217,3800,182670,0,0,1
2218,1047,198419,0,0,1
2219,6467,166027,0,0,1
2220,1175,148131,0,0,1
2221,6961,144050,0,0,1
2222,1867,166027,0,0,1
2223,3430,190415,0,0,1
2224,4478,182670,1,0,1
2225,2194,230852,1,1,0
2226,2357,130794,0,0,1
2227,1284,217721,1,0,1
2228,3531,161086,0,0,1
2229,2435,164924,0,0,1
2230,4379,217493,0,0,1
2231,9843,198419,0,0,1
2232,4331,168148,0,0,1
2233,1806,145336,1,0,1
2234,3471,190415,0,0,1
2235,6485,182670,0,0,1
2236,5492,186131,0,0,1
2237,3206,164988,0,0,1
2238,1116,168342,0,0,1
2239,9128,130794,0,0,1
2240,2059,144050,0,0,1
2241,3417,191515,0,0,1
2242,5988,182670,0,0,1
2243,6288,130794,0,1,0
2244,6567,234076,0,0,1
2245,3417,164614,1,0,1
2246,4224,260813,1,0,1
2247,2209,217156,0,0,1
2248,6140,186131,0,0,1
2249,6367,164988,0,0,1
2250,8168,163268,1,1,0
2251,5731,217156,0,0,1
2252,3091,230959,0,1,0
2253,5384,164924,0,0,1
2254,2373,230852,1,0,1
2255,8620,190150,0,0,1
2256,4476,160977,0,1,0
2257,6890,497268,1,0,1
2258,3430,164924,1,0,1
2259,5376,182634,1,0,1
2260,8703,186131,0,0,1
2261,4474,191515,0,0,1
2262,6496,161518,1,1,0
2263,9982,217156,0,0,1
2264,1113,234076,0,0,1
2265,4359,164924,0,0,1
2266,5337,182670,0,0,1
2267,4801,191515,0,0,1
2268,2843,230959,0,0,1
2269,3543,161086,0,0,1
2270,1475,190415,0,0,1
2271,4540,168342,0,0,1
2272,1648,230959,0,0,1
2273,4801,230959,1,0,1
2274,7229,164924,1,0,1
2275,6504,166027,0,0,1
2276,1284,217998,0,0,1
2277,9937,217721,1,0,1
2278,5137,486017,1,1,0
2279,2373,168148,0,0,1
2280,6425,164924,0,1,0
2281,5827,197142,0,0,1
2282,4934,217156,0,0,1
2283,1709,190415,0,0,1
2284,4421,191515,0,0,1
2285,2586,164924,0,1,0
2286,3677,166027,0,0,1
2287,1284,217156,0,0,1
2288,9846,191515,0,0,1
2289,5743,160977,0,0,1
2290,2046,198613,1,0,1
2291,1116,451404,1,0,1
2292,8614,161004,0,0,1
2293,4921,182670,0,0,1
2294,4608,164924,0,0,1
2295,6496,168342,0,0,1
2296,2763,131496,0,0,1
2297,1015,168342,0,0,1
2298,2865,476975,1,0,1
2299,6719,463056,1,0,1
2300,6337,482574,0,1,0
2301,5391,161004,0,0,1
2302,8952,166027,0,0,1
2303,4881,186399,1,0,1
2304,7298,217156,0,0,1
2305,2183,190415,0,0,1
2306,3504,454236,1,0,1
2307,3186,234076,0,0,1
2308,1501,107983,1,0,1
2309,2410,164924,1,0,1
2310,7598,234076,0,0,1
2311,8114,182670,0,0,1
2312,1263,483036,1,0,1
2313,6496,166027,0,0,1
2314,9973,217156,0,1,0
2315,1463,105330,1,1,0
2316,5944,161086,0,0,1
2317,5957,168342,0,0,1
2318,1350,164924,0,1,0
2319,8999,168148,0,0,1
2320,7887,217156,0,0,1
2321,5277,131496,1,0,1
2322,4921,214713,1,0,1
2323,5923,131496,0,0,1
2324,4898,190150,0,0,1
2325,8005,161086,0,0,1
2326,8550,164739,0,0,1
2327,9702,215929,0,1,0
2328,4501,164924,0,0,1
2329,4824,168148,0,0,1
2330,2501,182634,0,0,1
2331,4105,144050,0,0,1
2332,4105,190415,1,0,1
2333,2357,186131,0,0,1
2334,3884,230959,0,0,1
2335,4103,130794,0,0,1
2336,4215,166027,0,0,1
2337,2435,161086,0,0,1
2338,8796,110370,0,0,1
2339,7699,131520,0,0,1
2340,5179,186131,0,0,1
2341,3677,164924,0,0,1
2342,1261,130493,1,0,1
2343,9666,217156,0,0,1
2344,8055,444413,1,1,0
2345,7451,198419,0,0,1
2346,7017,230959,0,1,0
2347,9718,166027,0,0,1
2348,5384,131496,0,0,1
2349,6124,166027,0,1,0
2350,6943,164988,1,0,1
2351,8257,166027,0,0,1
2352,6360,164924,0,0,1
2353,2967,161004,0,0,1
2354,8005,217156,0,0,1
2355,6123,230959,0,0,1
2356,2763,186131,0,0,1
2357,5210,186131,0,0,1
2358,6700,217156,0,1,0
2359,4801,451413,1,0,1
2360,5391,166027,0,0,1
2361,3517,217156,0,0,1
2362,3048,130794,0,0,1
2363,5667,161086,0,0,1
2364,9833,164988,0,0,1
2365,1970,198419,0,1,0
2366,6335,166027,0,0,1
2367,7758,131496,0,1,0
2368,1464,161004,0,0,1
2369,5571,127556,1,0,1
2370,1970,165802,1,0,1
2371,5517,164924,0,0,1
2372,3277,217156,0,0,1
2373,3504,131496,0,0,1
2374,2736,168342,0,0,1
2375,1297,130794,0,0,1
2376,3736,168740,1,0,1
2377,6683,168342,0,0,1
2378,2417,190415,0,1,0
2379,6556,131496,0,0,1
2380,8554,166027,0,0,1
2381,3515,164924,0,0,1
2382,6665,166027,0,0,1
2383,7718,161086,0,0,1
2384,7518,165820,1,0,1
2385,8722,234076,1,0,1
2386,3964,176035,1,1,0
2387,9982,164924,1,0,1
2388,3950,166638,1,1,0
2389,5332,180692,1,0,1
2390,3091,166027,0,0,1
2391,3425,190415,1,0,1
2392,2727,217156,0,0,1
2393,5178,217156,1,0,1
2394,3985,160977,0,0,1
2395,8952,157447,1,0,1
2396,7518,443261,1,0,1
2397,3750,221971,1,0,1
2398,9800,168342,0,0,1
2399,1297,186131,0,0,1
2400,6504,164988,0,0,1
2401,6094,144050,0,0,1
2402,8550,191515,1,0,1
2403,3346,166027,0,0,1
2404,5217,190415,0,0,1
2405,1015,164447,1,0,1
2406,1263,230959,0,0,1
2407,9178,217156,0,1,0
2408,1914,164924,0,0,1
2409,5210,182670,0,0,1
2410,7075,234076,0,0,1
2411,2727,459949,1,0,1
2412,5667,214670,1,0,1
2413,1116,164924,0,0,1
2414,5376,144050,0,0,1
2415,2326,164924,0,0,1
2416,6820,218681,1,0,1
2417,4162,216524,1,0,1
2418,2259,168342,0,0,1
2419,4933,167260,1,0,1
2420,9269,128771,1,0,1
2421,9046,161004,0,1,0
2422,2410,234076,0,0,1
2423,9475,191515,0,0,1
2424,6354,131496,0,0,1
2425,6111,230959,0,0,1
2426,2556,160977,0,0,1
2427,4619,164924,0,0,1
2428,9844,217156,0,0,1
2429,4490,164988,0,0,1
2430,5529,230959,0,0,1
2431,6347,190415,0,0,1
2432,9880,198419,0,1,0
2433,9871,182670,0,0,1
2434,4953,186131,0,0,1
2435,7887,168148,0,0,1
2436,3768,234076,0,0,1
2437,5169,230959,0,1,0
2438,5620,161004,0,0,1
2439,8854,191515,1,0,1
2440,3483,161004,1,0,1
2441,1116,234076,0,0,1
2442,2337,230959,0,0,1
2443,9291,164562,1,0,1
2444,2258,182670,0,1,0
2445,9702,166027,0,0,1
2446,9746,164924,0,0,1
2447,5667,200785,1,0,1
2448,5603,161004,0,0,1
2449,9666,217156,0,0,1
2450,2967,196121,1,0,1
2451,6159,130794,0,0,1
2452,4105,220978,0,0,1
2453,5391,161086,0,0,1
2454,5892,166027,0,1,0
2455,2337,182670,0,0,1
2456,1297,166027,0,0,1
2457,8999,190150,0,0,1
2458,1463,165060,0,0,1
2459,9973,214175,1,0,1
2460,8722,168421,1,0,1
2461,3284,166027,0,0,1
2462,3346,160977,0,0,1
2463,3342,128391,1,0,1
2464,1261,230959,0,0,1
2465,1113,161004,1,0,1
2466,9859,130794,0,0,1
2467,1228,161086,0,0,1
2468,6560,168342,0,0,1
2469,1263,219949,1,0,1
2470,4934,160977,0,0,1
2471,6890,168148,0,1,0
2472,8277,164988,0,0,1
2473,1970,161086,0,0,1
2474,3436,384421,1,0,1
2475,6906,230959,1,0,1
2476,4224,168342,0,0,1
2477,3277,166027,0,0,1
2478,6367,190415,0,0,1
2479,5078,190415,0,0,1
2480,6367,131496,0,1,0
2481,3694,156286,1,0,1
2482,7788,180416,1,0,1
2483,7871,166027,1,1,0
2484,2882,164924,0,0,1
2485,4259,144050,0,0,1
2486,8158,168148,0,0,1
2487,3342,166027,0,1,0
2488,1252,168342,0,0,1
2489,5792,166027,0,1,0
2490,6337,460349,1,0,1
2491,7788,192785,1,0,1
2492,3184,217156,0,0,1
2493,6560,164562,0,0,1
2494,5988,169576,1,0,1
2495,8279,190150,0,1,0
2496,4940,217156,1,0,1
2497,4896,166027,0,0,1
2498,4619,161086,0,0,1
2499,6123,230959,0,0,1
2500,1709,190415,0,1,0
2501,2727,130794,0,0,1
2502,4792,234076,1,0,1
2503,5511,161004,0,0,1
2504,7959,239716,1,0,1
2505,6200,191515,0,0,1
2506,3515,182670,0,0,1
2507,4608,217420,1,1,0
2508,7200,230959,0,0,1
2509,1424,217156,0,0,1
2510,2882,164465,0,0,1
2511,6866,120403,1,1,0
2512,7298,160065,1,0,1
2513,8086,168148,0,0,1
2514,3964,230959,0,0,1
2515,1970,182670,0,0,1
2516,2209,160977,0,0,1
2517,3091,217156,0,0,1
2518,4540,120883,1,1,0
2519,6111,168148,0,1,0
2520,7798,441900,1,0,1
2521,4091,144050,0,0,1
2522,4561,182670,0,0,1
2523,3349,190150,0,0,1
2524,8719,166027,0,0,1
2525,1867,230047,1,0,1
2526,3483,217156,0,0,1
2527,5433,198419,0,0,1
2528,9178,234076,0,0,1
2529,8584,164924,0,0,1
2530,5529,165529,1,0,1
2531,8722,182670,0,0,1
2532,2466,168342,0,0,1
2533,1015,168342,0,1,0
2534,7451,164988,0,0,1
2535,4189,166027,0,0,1
2536,1047,182670,0,0,1
2537,5007,160977,1,1,0
2538,1594,164988,0,0,1
2539,2373,166027,0,0,1
2540,3683,131496,0,0,1
2541,6683,168148,0,0,1
2542,9221,217156,0,0,1
2543,6400,165644,1,0,1
2544,8700,160977,0,1,0
2545,6826,168342,0,0,1
2546,7963,217156,0,0,1
2547,7763,230959,0,0,1
2548,2406,166027,0,1,0
2549,7699,160959,1,0,1
2550,1866,164988,0,0,1
2551,5653,211273,0,0,1
2552,3825,183044,1,1,0
2553,1064,439701,1,0,1
2554,2857,161004,0,1,0
2555,6367,198419,0,0,1
2556,5419,144050,0,0,1
2557,9666,186131,0,0,1
2558,3683,217156,0,0,1
2559,4729,182670,0,0,1
2560,6159,230959,0,0,1
2561,6760,160977,1,0,1
2562,3180,161004,0,0,1
2563,3964,144050,0,0,1
2564,9415,164924,0,0,1
2565,6159,186131,0,0,1
2566,9118,164924,0,0,1
2567,6159,131496,1,0,1
2568,4858,190150,0,1,0
2569,7887,198419,0,0,1
2570,8554,182670,0,0,1
2571,6337,198419,0,0,1
2572,7158,168148,0,0,1
2573,9871,182670,0,0,1
2574,5571,186131,0,0,1
2575,6786,182670,1,0,1
2576,6556,217156,0,0,1
2577,5889,164988,0,1,0
2578,1136,166027,0,0,1
2579,9687,129941,1,0,1
2580,6903,212197,1,1,0
2581,7382,230959,0,0,1
2582,7697,191968,0,0,1
2583,2026,217156,0,0,1
2584,5051,131496,0,0,1
2585,1865,190150,0,0,1
2586,4540,230959,0,0,1
2587,5827,232308,1,0,1
2588,9178,161004,0,0,1
2589,5990,184773,1,0,1
2590,1020,198419,0,0,1
2591,9374,161022,1,0,1
2592,9584,182670,0,0,1
2593,1914,114354,1,1,0
2594,7111,161004,0,0,1
2595,2059,190415,0,0,1
2596,2412,183026,1,0,1
2597,5923,190415,0,0,1
2598,3664,196413,1,0,1
2599,4027,190415,0,0,1
2600,3417,131496,1,0,1
2601,4379,164924,0,0,1
2602,8279,230959,0,0,1
2603,5667,166027,0,1,0
2604,8293,131496,0,0,1
2605,2618,168342,0,0,1
2606,6846,164924,1,0,1
2607,4701,234076,0,0,1
2608,1047,168342,0,0,1
2609,4571,144050,0,1,0
2610,6934,144050,0,0,1
2611,1860,168148,0,0,1
2612,5603,190415,0,0,1
2613,4123,166027,0,0,1
2614,3639,230959,0,0,1
2615,6786,182670,0,0,1
2616,8248,168148,0,0,1
2617,6689,182670,0,0,1
2618,9905,164447,1,0,1
2619,3425,234076,0,0,1
2620,3091,168342,1,0,1
2621,3460,234076,0,0,1
2622,3164,198419,0,0,1
2623,2183,190415,0,0,1
2624,1534,198419,0,0,1
2625,3740,193609,1,1,0
2626,6124,182670,0,0,1
2627,2609,166027,0,1,0
2628,5715,205957,1,0,1
2629,1263,160612,1,1,0
2630,2609,166027,0,0,1
2631,6425,166939,0,0,1
2632,1860,164924,0,1,0
2633,8158,190415,0,0,1
2634,6736,182670,0,1,0
2635,6934,168342,0,0,1
2636,6689,131496,0,1,0
2637,7017,230816,0,0,1
2638,9360,230959,0,0,1
2639,7111,137032,0,0,1
2640,1215,217156,0,0,1
2641,6186,191515,0,0,1
2642,5492,198419,0,0,1
2643,2973,164924,1,0,1
2644,3186,182670,0,0,1
2645,5376,130314,0,0,1
2646,9269,142090,1,0,1
2647,4729,198419,0,0,1
2648,5511,190415,0,0,1
2649,5715,186131,0,0,1
2650,4760,195720,1,0,1
2651,4567,168148,0,1,0
2652,5078,493479,1,0,1
2653,5143,232265,1,0,1
2654,8027,164924,0,0,1
2655,8999,190415,0,0,1
2656,5391,217156,0,0,1
2657,8566,182670,0,1,0
2658,7164,190150,0,0,1
2659,9495,131496,0,0,1
2660,6958,198419,0,0,1
2661,5696,144050,0,0,1
2662,2417,231095,1,0,1
2663,2991,217156,0,1,0
2664,2612,102234,1,0,1
2665,2727,101879,0,0,1
2666,7548,168342,0,1,0
2667,6866,166027,0,0,1
2668,9846,190150,0,0,1
2669,1501,191515,0,0,1
2670,7984,160977,0,0,1
2671,2030,230959,0,0,1
2672,8005,198419,0,0,1
2673,4259,217156,0,1,0
2674,4123,166027,0,0,1
2675,3314,168148,0,0,1
2676,8723,131496,1,1,0
2677,7758,168342,0,0,1
2678,6974,217156,0,0,1
2679,6288,168342,0,0,1
2680,7567,182917,1,0,1
2681,2794,418524,1,0,1
2682,1524,186131,0,0,1
2683,9844,190415,0,0,1
2684,5391,129774,1,1,0
2685,6106,182670,0,1,0
2686,1463,481225,1,0,1
2687,6111,166629,1,0,1
2688,4123,128744,1,0,1
2689,6009,165866,0,0,1
2690,2417,497824,1,0,1
2691,1273,164924,0,0,1
2692,7699,234076,0,0,1
2693,5957,166027,0,0,1
2694,3686,230959,0,0,1
2695,5892,161086,0,0,1
2696,6714,182670,0,0,1
2697,4561,166027,0,0,1
2698,4953,160977,0,0,1
2699,9195,217235,1,1,0
2700,2357,164988,1,0,1
2701,8791,131496,0,1,0
2702,2080,198419,1,0,1
2703,5984,190637,0,0,1
2704,3417,182670,0,0,1
2705,6543,198419,0,0,1
2706,7779,166027,0,1,0
2707,8623,234076,0,0,1
2708,3417,198507,1,0,1
2709,5391,234076,0,0,1
2710,5492,220473,1,0,1
2711,3314,190415,0,0,1
2712,8121,183026,1,0,1
2713,6389,161004,0,0,1
2714,6496,164748,0,0,1
2715,5603,182670,0,0,1
2716,3483,186131,0,0,1
2717,8121,164924,0,0,1
2718,2880,182670,0,0,1
2719,5762,164924,0,1,0
2720,3349,230959,1,1,0
2721,8033,168342,0,0,1
2722,5179,165936,0,0,1
2723,9973,164924,1,0,1
2724,2308,190752,1,0,1
2725,3483,190415,0,0,1
2726,3531,168342,0,0,1
2727,8798,130794,1,1,0
2728,7963,217156,0,0,1
2729,9475,168148,0,0,1
2730,3603,230959,0,0,1
2731,3768,230959,1,0,1
2732,4763,182670,0,0,1
2733,8257,164924,0,0,1
2734,8139,164924,0,0,1
2735,7111,146612,0,0,1
2736,7765,166027,0,0,1
2737,2095,230959,0,0,1
2738,3686,166027,0,0,1
2739,6009,164988,0,0,1
2740,6700,131496,0,0,1
2741,2080,166027,0,0,1
2742,6943,130314,1,0,1
2743,8293,168342,0,1,0
2744,7763,190415,0,0,1
2745,4921,161004,0,0,1
2746,4921,166027,0,0,1
2747,8623,164924,0,0,1
2748,9528,230959,0,0,1
2749,3425,144050,0,0,1
2750,5792,131496,0,0,1
2751,7382,190415,0,0,1
2752,9518,198871,1,0,1
2753,2283,190150,0,0,1
2754,2526,168148,0,0,1
2755,7132,190415,0,1,0
2756,8158,131496,0,0,1
2757,4316,144050,0,0,1
2758,1685,234076,0,0,1
2759,7744,191515,0,0,1
2760,1136,164924,0,0,1
2761,9180,191515,0,0,1
2762,3186,166027,0,1,0
2763,3483,217305,0,0,1
2764,8257,191515,0,1,0
2765,9982,164988,0,0,1
2766,9871,234076,0,0,1
2767,9801,168148,0,0,1
2768,1116,164988,0,0,1
2769,8620,130794,0,0,1
2770,3460,191515,1,1,0
2771,9859,230959,0,0,1
2772,1113,190150,0,0,1
2773,2973,168148,0,0,1
2774,8952,128744,1,0,1
2775,5376,168148,0,0,1
2776,3576,230959,0,0,1
2777,1119,443261,1,0,1
2778,8584,168148,0,1,0
2779,1284,230959,0,0,1
2780,7744,217156,0,0,1
2781,8595,209825,1,1,0
2782,4792,208725,1,0,1
2783,3390,168148,0,1,0
2784,4289,166674,1,0,1
2785,5433,130794,0,0,1
2786,4934,161004,0,0,1
2787,3122,164924,1,0,1
2788,3736,182670,0,0,1
2789,6065,190415,0,1,0
2790,8005,131496,0,0,1
2791,9118,190415,0,1,0
2792,1005,168148,0,0,1
2793,8999,130794,0,0,1
2794,5923,168342,0,0,1
2795,9800,230959,0,0,1
2796,7098,168148,0,0,1
2797,1116,166027,0,0,1
2798,8554,168342,0,0,1
2799,7548,131496,0,0,1
2800,5620,161004,0,0,1
2801,2526,186131,0,0,1
2802,6945,190415,0,0,1
2803,3728,182670,0,1,0
2804,7901,161004,0,0,1
2805,4940,182670,1,0,1
2806,3417,168342,0,0,1
2807,2361,166054,1,0,1
2808,4478,182670,0,0,1
2809,4608,240462,0,0,1
2810,3186,161086,0,0,1
2811,6360,166027,0,0,1
2812,8135,217156,0,0,1
2813,1568,164988,0,1,0
2814,6347,164924,0,0,1
2815,7209,117168,1,0,1
2816,1020,191515,0,0,1
2817,5179,230959,1,0,1
2818,3184,130794,1,0,1
2819,2612,168148,0,0,1
2820,4760,166027,0,0,1
2821,7382,131496,0,0,1
2822,8114,131496,0,0,1
2823,9180,164924,0,0,1
2824,5528,141334,1,0,1
2825,6760,230959,0,1,0
2826,5889,191515,0,0,1
2827,4189,131496,0,0,1
2828,9195,199582,0,0,1
2829,2026,168342,0,0,1
2830,5475,217156,0,0,1
2831,7959,182670,0,0,1
2832,8352,213020,1,1,0
2833,7758,166027,0,0,1
2834,6820,217156,0,1,0
2835,7871,479992,0,0,1
2836,7132,164492,1,0,1
2837,1534,164924,0,0,1
2838,5908,198419,0,1,0
2839,1175,161086,0,0,1
2840,7798,191515,0,1,0
2841,7744,168342,0,0,1
2842,8936,161086,0,0,1
2843,7718,217156,0,0,1
2844,3430,182980,1,0,1
2845,2556,160977,0,0,1
2846,5528,190415,0,1,0
2847,3180,165015,0,0,1
2848,6890,217156,0,0,1
2849,4729,234076,0,0,1
2850,4501,164924,0,0,1
2851,2188,180461,1,0,1
2852,7959,161004,0,0,1
2853,4035,164924,0,1,0
2854,4027,182670,0,0,1
2855,3471,217156,0,0,1
2856,6439,161086,0,0,1
2857,2417,144050,0,0,1
2858,6467,131496,0,0,1
2859,6373,166054,0,0,1
2860,2965,189705,0,0,1
2861,3186,234076,1,0,1
2862,2414,161004,1,0,1
2863,2619,165334,1,0,1
2864,5007,161004,0,0,1
2865,5620,168342,0,1,0
2866,2412,164924,1,0,1
2867,6700,168148,0,0,1
2868,7588,161086,0,0,1
2869,1228,168342,0,0,1
2870,6829,164924,1,0,1
2871,1806,198419,0,0,1
2872,6360,230959,1,0,1
2873,4490,161004,0,0,1
2874,8453,217156,0,1,0
2875,5253,232423,1,0,1
2876,1209,167871,0,0,1
2877,1867,164988,0,0,1
2878,8293,166027,0,0,1
2879,2095,166027,0,0,1
2880,2326,204176,0,1,0
2881,5305,144050,0,1,0
2882,9833,130934,1,0,1
2883,5762,168342,0,0,1
2884,6373,168342,0,0,1
2885,6368,186131,0,1,0
2886,7554,168342,0,1,0
2887,8719,230959,0,0,1
2888,9497,161004,0,0,1
2889,2209,164924,0,0,1
2890,9584,182670,0,0,1
2891,8033,234076,0,0,1
2892,1263,164924,0,0,1
2893,5889,161086,0,0,1
2894,4091,166027,0,1,0
2895,8791,130794,1,0,1
2896,6400,161004,0,0,1
2897,2258,182670,0,0,1
2898,5078,166027,0,0,1
2899,4091,182670,1,0,1
2900,7779,166027,0,0,1
2901,3284,168148,0,1,0
2902,6567,168342,1,0,1
2903,7382,190150,0,0,1
2904,9012,166027,0,0,1
2905,1136,217156,0,0,1
2906,2361,144050,0,0,1
2907,2736,104179,1,0,1
2908,8248,130794,0,0,1
2909,5696,234076,0,0,1
2910,6389,194736,1,0,1
2911,7608,165574,1,0,1
2912,2075,168148,0,0,1
2913,6890,144050,0,0,1
2914,8723,139959,0,0,1
2915,5007,168342,0,0,1
2916,1175,130794,0,0,1
2917,8961,230959,1,0,1
2918,3314,131283,1,0,1
2919,2032,217484,1,0,1
2920,7984,234076,0,0,1
2921,6111,168342,0,0,1
2922,2204,182670,1,0,1
2923,9291,234076,1,0,1
2924,7164,164924,1,1,0
2925,7809,217156,0,0,1
2926,2094,168342,0,0,1
2927,6826,217156,0,1,0
2928,5904,131496,0,0,1
2929,4792,191515,0,0,1
2930,9180,164924,0,0,1
2931,8086,164924,0,1,0
2932,3736,136950,1,0,1
2933,8121,168342,0,0,1
2934,3515,166027,0,0,1
2935,9061,166027,0,0,1
2936,5783,182670,0,0,1
2937,6009,182670,0,0,1
2938,8791,164924,0,0,1
2939,7329,186131,0,1,0
2940,6416,160977,0,1,0
2941,7901,198419,0,0,1
2942,8121,168148,1,0,1
2943,5984,161086,0,0,1
2944,3686,195191,0,0,1
2945,2361,166027,0,0,1
2946,7545,234076,0,1,0
2947,5517,182670,0,0,1
2948,8014,191515,0,0,1
2949,1806,217156,0,0,1
2950,6009,230959,0,0,1
2951,3683,230816,1,0,1
2952,6467,161004,0,0,1
2953,7798,182634,1,0,1
2954,1934,230959,0,0,1
2955,1970,230959,0,0,1
2956,3471,217156,0,1,0
2957,9782,199272,1,0,1
2958,2046,182670,0,0,1
2959,5517,230959,0,0,1
2960,1228,164988,1,1,0
2961,4727,457925,1,1,0
2962,9905,130794,0,0,1
2963,6400,164988,0,0,1
2964,7588,190415,0,0,1
2965,9360,122409,0,0,1
2966,5603,191515,0,0,1
2967,2075,126580,1,0,1
2968,2736,168342,0,0,1
2969,3664,186131,0,1,0
2970,2194,157030,0,0,1
2971,5517,164924,0,0,1
2972,2501,487524,1,0,1
2973,7718,191515,0,0,1
2974,4953,161004,0,0,1
2975,9666,201821,1,0,1
2976,6945,166027,0,0,1
2977,3517,234076,0,0,1
2978,6373,164988,0,0,1
2979,3430,130493,0,0,1
2980,3180,151306,1,0,1
2981,4940,164924,0,1,0
2982,2556,168254,1,0,1
2983,9518,190150,0,0,1
2984,5904,164924,1,0,1
2985,1005,168342,0,0,1
2986,2174,110556,1,0,1
2987,4215,165802,1,0,1
2988,8014,126359,0,0,1
2989,4016,182670,0,0,1
2990,2967,217156,0,0,1
2991,1005,230959,0,0,1
2992,2410,182670,0,0,1
2993,9291,168342,0,1,0
2994,7548,190150,0,0,1
2995,8114,168342,0,0,1
2996,4359,220631,1,1,0
2997,2973,164447,1,0,1
2998,1047,186131,0,0,1
2999,4933,130794,0,0,1
3000,2412,217156,0,1,0
3001,7377,168148,0,1,0
3002,4359,182670,0,0,1
3003,1648,168342,0,0,1
3004,9844,190415,0,1,0
3005,1866,161004,1,1,0
3006,5305,130794,0,0,1
3007,6140,164988,0,0,1
3008,5511,217156,0,1,0
3009,6186,217156,0,0,1
3010,9783,198419,0,0,1
3011,4359,166027,0,0,1
3012,6274,186131,0,0,1
3013,2865,164924,0,0,1
3014,5957,182670,0,0,1
3015,4461,191515,0,0,1
3016,7382,230959,0,0,1
3017,3184,186131,0,0,1
3018,4729,144050,0,0,1
3019,8722,168148,0,0,1
3020,6337,166027,0,0,1
3021,9746,217156,0,0,1
3022,6719,164924,0,0,1
3023,4246,230959,1,0,1
3024,1047,190150,0,0,1
3025,3677,230959,0,0,1
3026,9518,161086,1,0,1
3027,7209,183026,1,1,0
3028,6829,160977,0,0,1
3029,7098,167358,0,0,1
3030,6665,190415,1,0,1
3031,1252,198419,0,0,1
3032,6288,130794,0,0,1
3033,8999,164924,0,0,1
3034,3306,182670,0,0,1
3035,9746,198419,0,0,1
3036,3677,182670,0,0,1
3037,6645,168148,0,0,1
3038,3219,230959,0,0,1
3039,8121,217156,1,1,0
3040,3425,186131,0,0,1
3041,7158,182670,0,0,1
3042,2326,166027,0,0,1
3043,1252,168148,0,1,0
3044,4824,164924,0,0,1
3045,2026,166027,0,0,1
3046,7588,131496,0,0,1
3047,9905,164924,0,0,1
3048,6567,166027,0,0,1
3049,6360,166027,0,0,1
3050,4189,168847,1,0,1
3051,8405,217156,0,0,1
3052,3504,168148,0,0,1
3053,7849,230959,0,0,1
3054,2618,190150,0,0,1
3055,2618,182670,0,0,1
3056,8936,131496,0,1,0
3057,4189,186131,0,1,0
3058,6945,130794,0,0,1
3059,2046,168148,0,0,1
3060,2095,231059,1,0,1
3061,6964,164924,0,1,0
3062,7765,217156,0,0,1
3063,3483,143358,1,0,1
3064,2086,144050,0,0,1
3065,9891,431600,1,0,1
3066,6123,164988,0,0,1
3067,7758,198419,0,0,1
3068,4953,220473,1,1,0
3069,9982,161004,0,0,1
3070,5181,160977,1,1,0
3071,9415,164988,0,0,1
3072,8014,191515,0,0,1
3073,7518,215691,1,0,1
3074,1261,217156,0,0,1
3075,5186,198419,0,0,1
3076,5743,198419,0,0,1
3077,3346,168342,0,0,1
3078,2283,192703,1,0,1
3079,3346,230959,0,0,1
3080,4895,198419,0,0,1
3081,2032,168148,0,1,0
3082,4490,234076,0,0,1
3083,9112,190150,0,0,1
3084,2410,234076,0,1,0
3085,1709,164988,0,0,1
3086,9291,191515,0,0,1
3087,4881,217156,0,0,1
3088,2308,161004,0,0,1
3089,2373,191515,0,0,1
3090,9973,482680,1,0,1
3091,7763,230959,0,0,1
3092,6496,129941,1,0,1
3093,5990,189088,1,0,1
3094,3686,234076,0,0,1
3095,3639,202170,1,0,1
3096,7209,161086,0,0,1
3097,6186,217156,0,0,1
3098,2188,168342,0,0,1
3099,4105,198419,0,0,1
3100,7763,198419,0,0,1
3101,3471,190415,0,0,1
3102,8703,166027,0,0,1
3103,1228,131496,0,0,1
3104,8027,160977,0,0,1
3105,7798,161004,0,0,1
3106,6337,131496,0,0,1
3107,7098,198419,0,0,1
3108,7697,373711,1,0,1
3109,4933,168148,0,0,1
3110,5186,234076,1,0,1
3111,2435,131496,0,0,1
3112,8014,168342,0,0,1
3113,1136,164924,0,1,0
3114,9982,230959,0,0,1
3115,4921,212601,1,0,1
3116,4964,175430,1,0,1
3117,1866,230959,0,0,1
3118,7659,130314,1,0,1
3119,3736,190150,0,0,1
3120,9982,161086,0,0,1
3121,8791,147129,1,0,1
3122,4921,186131,0,0,1
3123,8719,230959,0,0,1
3124,5671,130314,1,0,1
3125,2987,144050,0,0,1
3126,3768,206941,1,0,1
3127,5603,168148,1,1,0
3128,2194,182670,0,0,1
3129,8614,198419,0,0,1
3130,8961,217156,0,0,1
3131,8796,178208,1,0,1
3132,3694,164924,1,0,1
3133,5481,165820,0,0,1
3134,4619,168148,0,0,1
3135,3884,168148,0,0,1
3136,5143,217156,0,0,1
3137,9759,163532,1,1,0
3138,9046,166027,0,0,1
3139,5603,182670,0,0,1
3140,9415,234076,0,0,1
3141,1524,164492,1,0,1
3142,2880,182670,0,0,1
3143,6683,164924,0,1,0
3144,6719,234076,0,0,1
3145,2086,182917,1,1,0
3146,7681,186186,1,0,1
3147,4105,144050,0,0,1
3148,6367,191515,0,0,1
3149,7075,166452,1,0,1
3150,6958,182670,0,0,1
3151,9859,191515,0,0,1
3152,5444,190150,0,0,1
3153,5444,161086,0,1,0
3154,3686,161004,0,0,1
3155,7132,166027,0,0,1
3156,2080,234076,0,1,0
3157,9718,186131,0,0,1
3158,6389,230959,0,0,1
3159,3767,202912,0,0,1
3160,7545,161086,0,0,1
3161,3964,164562,1,0,1
3162,8798,190415,0,0,1
3163,5511,217156,0,0,1
3164,7382,224323,0,0,1
3165,5419,164924,0,0,1
3166,4331,234076,1,0,1
3167,6432,204264,1,1,0
3168,2586,164924,0,0,1
3169,2501,190150,0,1,0
3170,9061,186131,0,0,1
3171,5007,131496,0,0,1
3172,5813,168148,1,0,1
3173,1064,166027,0,0,1
3174,4421,164924,0,0,1
3175,4801,190044,1,0,1
3176,9118,164924,1,0,1
3177,7608,198419,0,0,1
3178,1175,166027,1,1,0
3179,3664,443410,1,0,1
3180,7984,168342,0,0,1
3181,4933,168227,1,1,0
3182,1252,191630,1,0,1
3183,5984,130493,1,1,0
3184,6496,238616,1,0,1
3185,6094,161004,0,1,0
3186,7659,230959,0,1,0
3187,8464,168148,0,0,1
3188,1261,156541,1,0,1
3189,3964,166027,0,0,1
3190,1806,186131,0,0,1
3191,4316,161086,0,0,1
3192,4189,168342,0,0,1
3193,3206,168342,0,0,1
3194,2763,168342,0,0,1
3195,6467,168148,0,1,0
3196,7659,234076,0,0,1
3197,5988,164988,0,0,1
3198,1215,131496,1,0,1
3199,1228,160959,1,0,1
3200,6906,194091,0,1,0
3201,8936,182670,0,0,1
3202,3164,234076,0,0,1
3203,4608,165866,1,0,1
3204,7132,160977,1,0,1
3205,2188,198419,0,0,1
3206,9891,217156,0,0,1
3207,8700,144050,0,0,1
3208,9880,198419,0,0,1
3209,7849,131496,0,1,0
3210,9046,131496,0,0,1
3211,6760,217156,0,0,1
3212,5715,168342,0,0,1
3213,6903,217156,0,0,1
3214,8453,182670,0,0,1
3215,1119,198419,0,1,0
3216,2763,230959,0,0,1
3217,9973,166027,0,0,1
3218,6504,198419,0,0,1
3219,7598,446640,1,0,1
3220,6335,182670,0,0,1
3221,6207,166027,0,0,1
3222,6454,217156,0,0,1
3223,2283,166683,0,0,1
3224,5962,164924,0,1,0
3225,7697,150941,1,1,0
3226,7548,165574,0,0,1
3227,4316,128771,1,0,1
3228,4749,168148,0,0,1
3229,3425,439701,1,0,1
3230,4561,166027,0,0,1
3231,2032,161086,1,0,1
3232,5419,164924,0,0,1
3233,9746,165936,1,1,0
3234,5962,234076,0,0,1
3235,6373,185828,0,0,1
3236,5087,161004,0,0,1
3237,6373,166027,0,0,1
3238,7377,167598,1,0,1
3239,3683,210492,1,0,1
3240,9659,166027,0,0,1
3241,2059,182670,0,0,1
3242,2987,168148,1,0,1
3243,8922,131496,0,1,0
3244,2075,182670,0,0,1
3245,5620,182670,0,0,1
3246,3750,190415,0,0,1
3247,4729,161086,0,0,1
3248,1501,168342,0,1,0
3249,5007,190415,0,0,1
3250,4858,182670,0,0,1
3251,2857,191515,0,0,1
3252,1475,217156,0,0,1
3253,3425,168342,1,0,1
3254,3825,166027,0,0,1
3255,7798,168148,0,0,1
3256,2357,167783,1,0,1
3257,2026,217156,0,0,1
3258,3306,217156,0,0,1
3259,9937,182670,0,1,0
3260,5161,182670,0,1,0
3261,4016,166027,0,0,1
3262,4123,161004,0,0,1
3263,3639,161004,0,1,0
3264,5051,167792,1,0,1
3265,3683,230959,0,0,1
3266,5731,246071,1,0,1
3267,9982,164924,0,0,1
3268,1297,162760,1,1,0
3269,7887,230959,0,0,1
3270,4289,161086,0,0,1
3271,3122,198419,0,0,1
3272,1524,160977,0,0,1
3273,7659,164924,0,0,1
3274,5892,217156,0,0,1
3275,8168,164988,0,0,1
3276,2209,183211,0,1,0
3277,4224,161004,0,1,0
3278,9415,191515,0,0,1
3279,1297,164924,0,0,1
3280,8279,168148,0,0,1
3281,9475,201104,0,0,1
3282,1136,165820,1,0,1
3283,6567,186131,0,0,1
3284,1119,190415,0,0,1
3285,3736,230959,0,0,1
3286,7765,162061,1,1,0
3287,9880,168148,0,0,1
3288,9982,191515,0,0,1
3289,5603,230959,0,0,1
3290,1842,234076,0,0,1
3291,9880,164924,0,0,1
3292,4701,162654,0,0,1
3293,4881,234076,0,0,1
3294,8719,198419,0,0,1
3295,1424,182670,0,0,1
3296,9180,164924,0,0,1
3297,5667,239318,0,0,1
3298,4881,166027,0,0,1
3299,6094,182670,0,0,1
3300,3184,164988,0,1,0
3301,2075,160977,0,0,1
3302,3504,234076,0,0,1
3303,1263,190008,0,0,1
3304,7681,498571,1,0,1
3305,4540,230959,1,0,1
3306,1263,168148,0,0,1
3307,7871,190150,0,0,1
3308,3964,168342,0,0,1
3309,4474,161873,1,1,0
3310,8055,164924,0,0,1
3311,9973,182670,0,0,1
3312,7680,190415,0,1,0
3313,7091,164924,0,0,1
3314,6435,217156,0,1,0
3315,1594,182670,0,0,1
3316,5653,164748,1,0,1
3317,1119,230959,0,0,1
3318,2653,168148,0,0,1
3319,5962,182670,0,0,1
3320,2026,190415,0,0,1
3321,2026,130794,0,0,1
3322,3768,217484,1,0,1
3323,1376,198419,0,0,1
3324,1125,131496,0,0,1
3325,5419,234076,0,0,1
3326,9833,190150,0,0,1
3327,1524,166027,0,1,0
3328,5603,190415,0,0,1
3329,5475,164988,1,1,0
3330,1125,190150,0,0,1
3331,2711,230959,1,0,1
3332,2059,170532,0,1,0
3333,6700,168148,0,0,1
3334,7111,131496,0,0,1
3335,8722,160977,0,0,1
3336,8796,441636,1,0,1
3337,5178,194499,0,1,0
3338,6030,190983,1,1,0
3339,3504,209825,1,0,1
3340,9374,195003,1,0,1
3341,6186,119173,1,0,1
3342,9871,217156,0,1,0
3343,2412,164924,0,0,1
3344,9799,166027,0,0,1
3345,1252,161226,1,0,1
3346,9360,131496,0,0,1
3347,7744,164562,1,0,1
3348,5696,164632,1,0,1
3349,7959,168342,0,0,1
3350,9128,166692,1,0,1
3351,4564,131496,0,0,1
3352,4881,164924,0,1,0
3353,3122,211635,0,0,1
3354,6454,217156,0,0,1
3355,6140,161235,1,0,1
3356,5944,141334,1,0,1
3357,5169,168342,0,0,1
3358,2618,182670,0,0,1
3359,8114,164988,0,0,1
3360,9702,198419,0,0,1
3361,3390,161004,0,0,1
3362,1568,186131,0,0,1
3363,2417,191515,0,0,1
3364,4608,217156,0,0,1
3365,2194,165802,0,0,1
3366,6374,165264,0,0,1
3367,3736,217156,0,0,1
3368,6890,230959,0,0,1
3369,7798,166027,0,0,1
3370,8158,238980,1,0,1
3371,7788,234076,0,0,1
3372,6374,168148,0,1,0
3373,8952,168148,0,1,0
3374,9528,444866,1,1,0
3375,9584,130794,0,0,1
3376,1107,217156,0,0,1
3377,4224,164924,0,0,1
3378,9843,164924,0,0,1
3379,2711,168421,1,0,1
3380,9700,198419,0,0,1
3381,6515,166489,1,0,1
3382,6454,119173,1,0,1
3383,7608,168342,0,1,0
3384,2417,161086,1,0,1
3385,8646,230959,0,0,1
3386,4091,164924,0,0,1
3387,1709,130794,0,0,1
3388,1020,198419,0,0,1
3389,1286,161086,0,0,1
3390,1020,182670,0,0,1
3391,4571,164924,1,0,1
3392,3686,168342,0,0,1
3393,9843,466930,1,1,0
3394,9799,121257,0,0,1
3395,6367,217156,0,0,1
3396,6094,198419,0,0,1
3397,5179,182670,0,0,1
3398,6580,131496,0,0,1
3399,4259,230959,0,0,1
3400,6139,217156,0,1,0
3401,3342,230959,1,0,1
3402,5603,217156,0,0,1
3403,3767,234076,0,0,1
3404,4540,234076,0,0,1
3405,7779,198419,0,0,1
3406,5783,230959,0,0,1
3407,9221,161004,0,1,0
3408,8623,217156,0,0,1
3409,2308,183080,1,0,1
3410,2046,234076,0,1,0
3411,6786,217156,0,0,1
3412,9659,230959,0,0,1
3413,7901,161086,0,1,0
3414,2209,131496,0,0,1
3415,4896,217156,0,1,0
3416,4749,198419,0,0,1
3417,8027,188678,1,0,1
3418,8936,164988,0,0,1
3419,1228,217156,0,0,1
3420,6590,191515,0,0,1
3421,7111,190415,1,0,1
3422,6590,161086,0,1,0
3423,9046,131496,0,0,1
3424,2361,166027,0,0,1
3425,5197,230959,0,0,1
3426,4561,164924,0,0,1
3427,8620,168148,0,0,1
3428,4564,168342,0,0,1
3429,9905,182670,0,0,1
3430,4215,182670,0,1,0
3431,3677,131496,1,0,1
3432,6760,164924,0,0,1
3433,6009,230959,1,0,1
3434,4571,166027,0,0,1
3435,4940,192040,0,0,1
3436,4953,166027,1,0,1
3437,5143,198419,0,0,1
3438,8248,161004,0,0,1
3439,2466,161004,0,0,1
3440,9475,166027,0,0,1
3441,4461,466921,1,0,1
3442,8999,239628,1,1,0
3443,5305,144050,0,0,1
3444,7075,130794,0,0,1
3445,2259,195173,1,0,1
3446,9871,164465,0,0,1
3447,8005,167835,0,0,1
3448,5731,164924,1,0,1
3449,4289,164924,0,0,1
3450,3543,166027,0,0,1
3451,1261,230959,0,0,1
3452,4035,186131,0,0,1
3453,5742,217156,0,0,1
3454,3277,231095,1,0,1
3455,6890,197984,1,0,1
3456,7075,161004,0,1,0
3457,5087,148405,1,0,1
3458,5186,182670,0,0,1
3459,9833,164988,1,0,1
3460,8700,130794,0,0,1
3461,5143,190576,0,0,1
3462,6485,166027,0,0,1
3463,4934,234076,0,0,1
3464,5087,168342,0,0,1
3465,8293,131496,0,0,1
3466,2080,182670,0,0,1
3467,9666,166027,0,0,1
3468,2736,131496,0,0,1
3469,9326,130794,0,0,1
3470,3504,164924,0,0,1
3471,4933,164924,0,0,1
3472,9518,182670,0,0,1
3473,3964,166692,0,0,1
3474,1501,481410,1,0,1
3475,9501,168342,0,0,1
3476,9666,230959,0,0,1
3477,1524,161004,0,0,1
3478,9501,182670,0,0,1
3479,1261,164988,0,0,1
3480,6159,182670,0,0,1
3481,5962,131496,0,0,1
3482,2188,166027,0,0,1
3483,5511,131496,0,0,1
3484,4798,186131,1,0,1
3485,9518,190150,0,0,1
3486,4934,161004,0,0,1
3487,9782,160977,0,0,1
3488,6515,131496,0,0,1
3489,6360,168148,0,0,1
3490,8798,186131,0,0,1
3491,6335,131496,1,0,1
3492,3768,155061,1,1,0
3493,7788,175005,1,0,1
3494,9880,204635,1,0,1
3495,5990,161004,0,0,1
3496,6543,131496,0,1,0
3497,4824,161004,0,0,1
3498,2406,164924,0,0,1
3499,6580,164924,0,1,0
3500,7758,166027,0,0,1
3501,8623,230959,1,0,1
3502,8114,168148,0,1,0
3503,5696,164924,0,0,1
3504,9119,165024,1,1,0
3505,2133,198419,0,0,1
3506,4501,164924,0,0,1
3507,9415,217156,0,0,1
3508,8033,191515,0,0,1
3509,6590,168148,0,0,1
3510,4540,182670,0,0,1
3511,2857,234076,0,0,1
3512,2075,161004,0,0,1
3513,7271,182670,0,0,1
3514,7158,164988,0,1,0
3515,4898,153977,1,0,1
3516,3349,164924,0,0,1
3517,8952,198969,1,0,1
3518,3306,217156,0,0,1
3519,2326,165024,1,0,1
3520,7451,191515,0,0,1
3521,2526,234076,0,0,1
3522,5419,217156,0,1,0
3523,5783,131496,0,1,0
3524,3507,142285,1,0,1
3525,3543,217156,0,0,1
3526,5233,182670,0,1,0
3527,7901,164924,0,0,1
3528,3390,160977,0,0,1
3529,2406,217156,0,0,1
3530,8575,190150,0,1,0
3531,5529,166027,0,0,1
3532,3767,164632,1,0,1
3533,6373,186131,0,1,0
3534,1168,166027,0,0,1
3535,2095,217156,0,0,1
3536,5571,164924,0,0,1
3537,8135,168342,0,1,0
3538,8992,186131,0,1,0
3539,4749,190415,0,1,0
3540,1286,198419,0,0,1
3541,7744,182670,0,0,1
3542,9666,234076,1,0,1
3543,5667,144050,0,0,1
3544,6719,164173,1,0,1
3545,8114,199865,0,0,1
3546,3694,217156,0,0,1
3547,9074,164924,0,0,1
3548,4103,130794,0,0,1
3549,1263,161004,0,0,1
3550,3314,164924,0,0,1
3551,7298,198419,0,0,1
3552,9497,130794,0,0,1
3553,4474,168148,0,0,1
3554,6567,130794,0,0,1
3555,3342,183026,1,0,1
3556,4564,166027,1,0,1
3557,2846,229115,1,1,0
3558,6360,168148,0,0,1
3559,7763,234076,0,0,1
3560,7611,161004,0,1,0
3561,1867,234076,1,0,1
3562,6714,182670,0,1,0
3563,8005,165334,0,1,0
3564,1047,164988,0,0,1
3565,9046,366711,1,0,1
3566,9180,182670,0,0,1
3567,8723,168342,0,0,1
3568,5179,168148,0,0,1
3569,5988,131496,1,0,1
3570,8961,198419,0,1,0
3571,8952,166027,0,0,1
3572,6435,128902,0,0,1
3573,2466,198419,0,0,1
3574,2204,161004,0,0,1
3575,1934,230959,0,0,1
3576,8550,161086,0,0,1
3577,5492,182670,0,0,1
3578,3349,230959,0,0,1
3579,6543,168148,1,0,1
3580,9880,230959,0,0,1
3581,3460,166027,0,0,1
3582,6945,194116,1,1,0
3583,4105,130493,1,0,1
3584,2501,164924,1,0,1
3585,2080,160977,0,0,1
3586,5475,182670,0,0,1
3587,3190,191515,0,0,1
3588,9495,165936,1,0,1
3589,5179,217156,0,0,1
3590,8277,168227,1,0,1
3591,6288,198419,0,0,1
3592,4619,168342,0,0,1
3593,9905,167899,1,0,1
3594,5483,214689,1,1,0
3595,6124,182670,0,0,1
3596,2619,166027,0,0,1
3597,7963,164924,0,1,0
3598,4016,217156,0,0,1
3599,3504,164924,0,0,1
3600,5517,219639,0,0,1
3601,1064,164924,0,0,1
3602,4487,166027,0,1,0
3603,2973,190415,0,0,1
3604,3576,164924,0,0,1
3605,5731,198419,0,0,1
3606,5944,234076,1,0,1
3607,2412,182670,0,0,1
3608,2526,166027,0,1,0
3609,3694,130794,0,0,1
3610,7765,164924,0,0,1
3611,5988,138868,1,0,1
3612,3430,166027,0,0,1
3613,5197,230959,0,0,1
3614,5087,190150,0,0,1
3615,5419,164924,0,0,1
3616,1107,234076,0,0,1
3617,7699,164924,0,0,1
3618,4189,166656,1,0,1
3619,6131,161004,0,1,0
3620,2388,166027,0,0,1
3621,6760,182670,0,0,1
3622,7017,141486,1,0,1
3623,7132,217156,0,0,1
3624,6786,168148,0,0,1
3625,2526,161086,0,0,1
3626,8405,190150,0,0,1
3627,5529,168148,0,0,1
3628,4474,168342,0,0,1
3629,9783,168148,0,0,1
3630,9666,164924,1,1,0
3631,4729,190150,0,0,1
3632,5571,131496,0,0,1
3633,3134,164988,0,0,1
3634,1501,182670,0,0,1
3635,6123,166027,0,0,1
3636,7518,182670,0,0,1
3637,4763,234076,0,0,1
3638,9799,166027,0,0,1
3639,1376,161086,0,1,0
3640,9475,142461,1,0,1
3641,6467,493619,1,0,1
3642,9973,160977,0,0,1
3643,7887,217156,0,1,0
3644,7451,234076,0,0,1
3645,2361,230959,0,0,1
3646,3346,230959,0,1,0
3647,7849,151306,1,0,1
3648,6515,129525,1,0,1
3649,2361,110404,0,1,0
3650,1501,168342,0,0,1
3651,3515,130794,0,0,1
3652,8257,168342,0,0,1
3653,9982,168148,1,0,1
3654,8566,168342,0,0,1
3655,5792,217493,1,0,1
3656,7017,168342,0,0,1
3657,7164,165671,1,0,1
3658,9801,127185,1,0,1
3659,3194,144050,0,1,0
3660,1297,234076,1,0,1
3661,2373,444510,1,1,0
3662,5305,164924,0,0,1
3663,2194,191515,0,0,1
3664,7871,182670,0,0,1
3665,6728,167783,1,0,1
3666,4896,217156,0,0,1
3667,6736,168148,0,0,1
3668,4729,198419,0,0,1
3669,4461,217156,0,1,0
3670,8620,144050,0,0,1
3671,8646,161004,0,0,1
3672,7029,161086,0,1,0
3673,1776,191515,0,0,1
3674,2586,198419,0,0,1
3675,6454,198419,0,0,1
3676,5792,217156,0,0,1
3677,2361,230959,0,0,1
3678,7809,190150,0,0,1
3679,6159,198419,0,0,1
3680,3425,217156,0,0,1
3681,3750,190150,0,0,1
3682,7377,217156,0,0,1
3683,4162,161004,0,0,1
3684,5078,190415,0,0,1
3685,2326,166638,1,0,1
3686,6207,182670,0,0,1
3687,5731,485999,1,0,1
3688,2133,144050,0,0,1
3689,7382,168148,0,0,1
3690,6829,131496,0,0,1
3691,1005,168148,1,0,1
3692,6714,144050,0,0,1
3693,6866,190150,0,0,1
3694,7681,168148,0,0,1
3695,3074,460181,1,0,1
3696,5483,131496,0,0,1
3697,3284,194958,1,0,1
3698,4016,161086,0,0,1
3699,6389,217156,0,0,1
3700,7132,166027,0,0,1
3701,5990,166391,1,0,1
3702,8121,182670,0,0,1
3703,3390,121257,0,0,1
3704,3985,195003,1,0,1
3705,1866,166027,0,0,1
3706,8703,164924,1,0,1
3707,3284,164988,0,0,1
3708,9360,182670,0,0,1
3709,6367,166027,0,0,1
3710,3425,217156,0,0,1
3711,4792,164924,0,1,0
3712,6826,182795,1,0,1
3713,9666,163453,1,0,1
3714,4091,164924,0,0,1
3715,2653,217156,0,1,0
3716,1015,186131,0,0,1
3717,6485,217156,0,0,1
3718,7798,166674,1,0,1
3719,4792,186131,0,0,1
3720,8700,166027,0,0,1
3721,4316,194718,1,1,0
3722,3884,217156,0,0,1
3723,9844,440828,1,0,1
3724,8722,164924,0,0,1
3725,4798,182670,0,0,1
3726,7763,161004,0,0,1
3727,5988,217518,1,0,1
3728,5892,190415,0,0,1
3729,6347,164535,0,1,0
3730,8248,144050,0,0,1
3731,7271,234076,1,0,1
3732,5671,130794,0,1,0
3733,6200,161022,0,0,1
3734,3277,161341,1,0,1
3735,6719,168342,0,1,0
3736,5984,160977,0,0,1
3737,1107,234076,0,0,1
3738,3664,164924,1,0,1
3739,8620,182670,0,0,1
3740,4953,131496,0,0,1
3741,4091,163046,1,0,1
3742,6665,190415,0,0,1
3743,4760,168148,0,0,1
3744,3664,230959,0,0,1
3745,9800,191533,0,0,1
3746,2794,164924,0,0,1
3747,1341,168148,0,1,0
3748,3736,176965,1,0,1
3749,7158,130794,0,0,1
3750,5984,160977,1,0,1
3751,4259,183974,1,0,1
3752,3091,164924,0,0,1
3753,6374,190150,1,0,1
3754,5762,182670,0,0,1
3755,6360,168227,1,0,1
3756,1116,161004,0,1,0
3757,6367,198419,0,0,1
3758,2406,191515,1,0,1
3759,2204,182670,0,0,1
3760,3717,182670,0,0,1
3761,1475,166027,0,0,1
3762,9074,164924,0,0,1
3763,2973,182670,0,0,1
3764,1297,198419,0,0,1
3765,8620,130794,0,0,1
3766,4881,230959,0,0,1
3767,9291,131496,0,0,1
3768,1842,217156,0,0,1
3769,8722,216807,1,0,1
3770,5384,198419,0,0,1
3771,9800,128902,0,0,1
3772,3122,190415,1,0,1
3773,4896,182670,0,0,1
3774,8257,131496,0,0,1
3775,7200,164988,0,0,1
3776,1464,182670,0,1,0
3777,3664,164924,1,0,1
3778,2973,164924,1,0,1
3779,2880,190415,0,0,1
3780,3425,164924,0,0,1
3781,8158,182670,0,0,1
3782,1107,164924,0,0,1
3783,9128,168342,0,0,1
3784,7963,217156,0,0,1
3785,6590,166027,0,0,1
3786,4105,128771,1,1,0
3787,5197,217156,1,0,1
3788,5253,164924,0,0,1
3789,6504,495031,1,0,1
3790,8936,164924,0,0,1
3791,4016,164924,1,0,1
3792,6961,166638,1,1,0
3793,9584,230959,0,0,1
3794,7451,133951,1,0,1
3795,2188,166027,0,0,1
3796,8550,129215,1,0,1
3797,6645,168342,0,0,1
3798,6943,164924,0,0,1
3799,4921,217156,0,1,0
3800,9475,130794,0,0,1
3801,6580,217156,0,0,1
3802,9074,131496,0,0,1
3803,6111,488563,1,0,1
3804,8014,166027,0,1,0
3805,8086,130794,0,0,1
3806,6288,209922,1,0,1
3807,6274,190150,0,0,1
3808,2133,161086,0,0,1
3809,5186,161086,0,0,1
3810,2466,160977,0,0,1
3811,2965,129020,1,1,0
3812,3180,164924,0,1,0
3813,1776,161004,0,0,1
3814,5376,131496,0,1,0
3815,5603,234076,0,0,1
3816,2075,165699,1,0,1
3817,3964,198419,0,0,1
3818,3515,164988,1,0,1
3819,5078,164988,1,0,1
3820,5492,225201,0,0,1
3821,1867,164988,0,0,1
3822,8248,107044,1,1,0
3823,9756,144050,0,1,0
3824,9360,186131,0,0,1
3825,7699,144050,1,0,1
3826,3180,190415,0,0,1
3827,1934,230959,0,0,1
3828,2882,182670,0,0,1
3829,5988,164924,0,0,1
3830,1501,168342,0,0,1
3831,8700,190691,0,0,1
3832,9128,131496,0,0,1
3833,1047,230959,0,0,1
3834,2865,230959,0,0,1
3835,4091,166027,0,0,1
3836,6689,107080,0,0,1
3837,7779,182670,0,0,1
3838,7451,168342,0,0,1
3839,5908,217156,0,0,1
3840,7075,182670,1,0,1
3841,6094,144050,0,0,1
3842,4792,217156,0,0,1
3843,6354,190415,0,1,0
3844,5884,166027,0,1,0
3845,9799,217156,0,1,0
3846,5962,218654,1,0,1
3847,5444,198419,0,0,1
3848,5671,209241,1,0,1
3849,6467,168342,0,0,1
3850,2337,161004,0,0,1
3851,8139,230959,0,0,1
3852,2736,166027,0,1,0
3853,1568,164924,0,0,1
3854,8961,161004,0,0,1
3855,7164,164988,0,0,1
3856,3683,164924,0,0,1
3857,5197,168148,0,0,1
3858,1594,164924,1,0,1
3859,3277,217156,0,0,1
3860,4881,230959,0,0,1
3861,1168,131496,0,0,1
3862,6288,147828,0,0,1
3863,8554,152673,0,0,1
3864,2406,168148,0,0,1
3865,3190,164924,1,0,1
3866,3686,198419,0,0,1
3867,5475,166027,0,0,1
3868,7377,166027,0,0,1
3869,3603,164988,0,1,0
3870,6903,164988,0,0,1
3871,5529,182634,1,0,1
3872,6374,130794,0,0,1
3873,2865,161086,0,0,1
3874,6274,150400,1,0,1
3875,9666,190415,0,0,1
3876,2987,161086,0,0,1
3877,5715,182670,0,0,1
3878,7598,131496,0,0,1
3879,2794,199148,1,0,1
3880,7963,191515,0,0,1
3881,1806,161004,0,1,0
3882,2619,130794,0,0,1
3883,5889,190415,0,0,1
3884,6700,190415,0,0,1
3885,9475,164924,0,0,1
3886,5492,190150,0,1,0
3887,2188,164988,0,0,1
3888,9195,168342,0,0,1
3889,8700,482556,1,0,1
3890,8623,168148,0,1,0
3891,9200,166629,0,0,1
3892,1475,234076,0,0,1
3893,7758,164924,0,0,1
3894,4474,166027,0,0,1
3895,2337,230959,0,0,1
3896,2435,189273,1,1,0
3897,2466,167358,1,1,0
3898,7887,182670,0,0,1
3899,6435,166027,0,0,1
3900,1464,164924,0,0,1
3901,4896,234076,0,0,1