,university_id,admitted,ed,rd,student_id
1,157100,1,1,0,2794
2,121257,0,0,1,9799
3,130794,0,1,0,2094
4,167598,1,0,1,1168
5,166027,0,0,1,9905
6,490133,1,0,1,7608
7,131496,1,1,0,6665
8,230959,0,1,0,3277
9,164924,0,0,1,1015
10,234076,0,0,1,7200
11,190691,0,0,1,8700
12,234076,0,0,1,3768
13,166027,0,0,1,8703
14,130794,1,1,0,7513
15,161004,1,0,1,1475
16,168148,1,1,0,2032
17,166027,0,0,1,5475
18,166027,0,0,1,9783
19,164924,1,0,1,1273
20,218681,1,0,1,6820
21,209506,1,0,1,7271
22,200785,1,0,1,5667
23,216597,0,0,1,2094
24,198419,0,1,0,1119
25,217156,0,1,0,5742
26,217156,0,0,1,3190
27,168342,0,0,1,5007
28,217156,0,0,1,1107
29,161004,0,0,1,3164
30,442356,0,0,1,4798
31,161086,1,0,1,8005
32,104179,1,0,1,2736
33,186131,0,1,0,6439
34,160977,0,0,1,5988
35,131496,0,0,1,7548
36,166027,0,0,1,4760
37,197984,1,0,1,6890
38,230959,0,0,1,9880
39,182670,0,0,1,2882
40,164924,0,0,1,9475
41,164924,1,0,1,3134
42,167835,0,0,1,8005
43,128498,1,0,1,2308
44,160977,0,0,1,3284
45,130314,1,0,1,6288
46,217156,0,0,1,7788
47,191515,0,0,1,6945
48,168148,1,1,0,4567
49,230959,0,0,1,4749
50,166489,0,0,1,8796
51,191515,0,0,1,8620
52,439701,1,0,1,1064
53,217156,0,0,1,7447
54,144050,0,0,1,4729
55,154688,1,0,1,2435
56,164988,0,0,1,8121
57,168342,0,0,1,1252
58,161004,1,1,0,6131
59,182670,0,0,1,3825
60,131496,0,1,0,7758
61,167899,1,0,1,9905
62,182670,0,0,1,1047
63,164924,1,0,1,3664
64,217156,0,0,1,5889
65,131496,0,0,1,1376
66,196097,0,0,1,3219
67,186131,0,0,1,9783
68,182670,0,0,1,4964
69,182670,0,0,1,5762
70,168148,0,0,1,9833
71,175616,1,0,1,5944
72,164924,0,0,1,8121
73,224545,1,0,1,8854
74,168148,0,0,1,7164
75,164924,1,0,1,2973
76,167996,1,1,0,9012
77,130314,1,0,1,6943
78,164924,0,0,1,4561
79,191515,0,0,1,2417
80,130794,1,0,1,7798
81,130794,0,0,1,2619
82,110370,0,0,1,8796
83,164924,0,0,1,6719
84,217156,1,1,0,2991
85,131496,1,0,1,6335
86,160621,0,0,1,7871
87,161004,0,0,1,3417
88,182670,0,0,1,9046
89,161299,1,0,1,2094
90,190415,0,0,1,3184
91,168148,0,0,1,5078
92,211635,0,0,1,3122
93,161086,0,0,1,3531
94,134945,1,0,1,6760
95,230959,0,0,1,6111
96,234076,1,0,1,2486
97,168148,1,0,1,7098
98,164988,0,0,1,3134
99,166027,0,0,1,3750
100,161086,0,0,1,5391
101,230959,0,0,1,1261
102,161086,0,0,1,1175
103,166027,0,0,1,8723
104,131496,0,0,1,4564
105,182670,1,1,0,3728
106,141334,1,0,1,5528
107,130794,0,0,1,1709
108,431266,1,0,1,6866
109,217156,0,0,1,3736
110,168342,1,1,0,2636
111,166027,0,0,1,5783
112,131496,0,0,1,9128
113,198419,0,0,1,2727
114,190150,1,0,1,9518
115,190415,0,0,1,1475
116,198419,0,0,1,8703
117,144050,1,0,1,9415
118,234076,0,0,1,4881
119,167057,0,0,1,6820
120,160977,0,0,1,6123
121,161004,1,1,0,7611
122,191630,1,0,1,1252
123,487524,1,0,1,1064
124,182917,1,0,1,5186
125,144050,0,1,0,4619
126,190150,1,1,0,7382
127,191515,1,0,1,6288
128,230959,0,0,1,1047
129,198419,0,1,0,9112
130,161086,0,0,1,4729
131,166027,0,0,1,1970
132,198419,1,1,0,2777
133,164924,0,1,0,2865
134,164924,0,0,1,4091
135,166027,0,0,1,1125
136,164562,0,0,1,6560
137,182670,0,0,1,1594
138,190415,0,0,1,1168
139,164924,0,1,0,4035
140,161086,0,0,1,9982
141,168342,0,0,1,9800
142,144050,0,0,1,8248
143,230959,0,1,0,7111
144,190044,1,0,1,4801
145,230959,1,0,1,8722
146,131496,0,0,1,5813
147,164988,0,0,1,2026
148,182670,0,0,1,9859
149,191515,0,0,1,2466
150,198419,0,0,1,8620
151,190415,0,0,1,5078
152,166027,0,0,1,2095
153,230852,1,1,0,2194
154,165574,1,0,1,7608
155,198419,0,1,0,3507
156,198419,0,0,1,1215
157,217156,0,0,1,6389
158,161004,0,0,1,4619
159,166027,0,0,1,4707
160,168342,0,0,1,3417
161,165936,0,0,1,4858
162,182670,0,0,1,8279
163,196121,1,0,1,2967
164,144050,0,0,1,6567
165,129020,0,0,1,9783
166,190415,0,1,0,1594
167,211583,1,0,1,9659
168,217156,0,0,1,1866
169,130794,0,1,0,3683
170,155061,1,1,0,3768
171,161086,0,0,1,2133
172,184773,1,0,1,6094
173,165662,0,0,1,4801
174,166027,0,0,1,6444
175,217156,0,0,1,5384
176,164924,0,0,1,3306
177,161004,0,0,1,5087
178,186131,0,0,1,1047
179,168342,1,0,1,4189
180,198419,0,0,1,4162
181,168148,1,1,0,1128
182,131496,0,0,1,4162
183,168218,0,0,1,4379
184,211635,0,0,1,7681
185,162928,0,0,1,9659
186,144005,0,1,0,3750
187,234076,0,0,1,6504
188,161004,0,1,0,3219
189,201104,0,0,1,9475
190,131496,0,0,1,6200
191,144050,0,0,1,2586
192,161022,1,0,1,6866
193,165802,0,0,1,2194
194,130794,0,1,0,5671
195,166027,0,0,1,3825
196,164924,0,0,1,8584
197,183071,0,0,1,3342
198,206604,1,0,1,4379
199,166027,0,0,1,2965
200,198419,0,0,1,6159
201,165820,1,0,1,7164
202,234076,0,0,1,7744
203,198419,0,0,1,6367
204,131496,0,0,1,6645
205,120403,1,1,0,6866
206,130794,0,0,1,7451
207,131496,0,0,1,7447
208,124937,1,0,1,6159
209,161004,0,0,1,5889
210,182670,0,0,1,6435
211,190415,0,0,1,5511
212,164988,0,1,0,1568
213,105330,1,1,0,1463
214,130794,0,0,1,9891
215,164988,0,0,1,3349
216,178208,1,0,1,8796
217,161004,0,0,1,4421
218,168342,0,1,0,9687
219,166027,0,0,1,5742
220,164988,0,1,0,3184
221,164988,1,1,0,1228
222,168342,0,1,0,3483
223,182670,0,0,1,7451
224,168342,0,0,1,6560
225,217156,0,0,1,3425
226,167783,1,1,0,3417
227,183071,1,0,1,9718
228,204176,0,1,0,2326
229,198419,0,0,1,4858
230,127185,1,0,1,9801
231,168342,0,0,1,8722
232,164924,1,0,1,9859
233,130794,0,0,1,2410
234,490319,1,0,1,4561
235,168342,1,0,1,2556
236,164988,0,0,1,1867
237,166027,0,0,1,6866
238,182670,0,0,1,9687
239,190415,0,1,0,2417
240,234076,0,0,1,9415
241,186131,0,0,1,3425
242,190415,0,0,1,7763
243,166027,0,0,1,6439
244,166027,0,0,1,5957
245,164988,0,0,1,7164
246,164924,1,1,0,5480
247,160959,1,0,1,6288
248,234076,0,0,1,3425
249,190415,0,0,1,5603
250,246071,1,0,1,5731
251,231095,1,0,1,3277
252,160977,0,1,0,5957
253,182670,0,0,1,5957
254,232265,1,0,1,5143
255,167871,0,0,1,3206
256,191515,1,0,1,7963
257,230959,0,0,1,9528
258,168342,0,0,1,7758
259,234076,0,0,1,6340
260,164924,0,0,1,1463
261,130493,1,0,1,1261
262,230959,0,0,1,3576
263,190150,1,0,1,6274
264,131496,0,0,1,4259
265,182670,0,0,1,5603
266,217235,1,1,0,9195
267,191515,1,1,0,2882
268,160959,1,0,1,7699
269,131496,0,0,1,3284
270,166027,0,1,0,9800
271,182670,0,0,1,3186
272,131496,0,0,1,3683
273,168342,1,0,1,6139
274,168342,0,0,1,2763
275,194958,1,0,1,2711
276,444866,1,1,0,9528
277,217156,0,0,1,6580
278,131496,0,0,1,1685
279,164924,0,0,1,5988
280,186131,1,0,1,9221
281,482680,1,0,1,9973
282,190415,0,0,1,5957
283,198419,0,0,1,3694
284,217156,0,0,1,3800
285,217156,0,0,1,4027
286,168342,0,0,1,7984
287,182670,0,0,1,6207
288,161004,0,0,1,9497
289,130314,1,0,1,5671
290,191515,0,0,1,4763
291,190150,0,0,1,9891
292,130794,0,0,1,3074
293,182670,0,0,1,8620
294,230959,0,0,1,8646
295,166629,1,0,1,9891
296,168148,0,0,1,3314
297,182670,1,0,1,4940
298,217156,0,0,1,5475
299,130794,0,0,1,2361
300,217156,0,0,1,9061
301,164988,0,0,1,1685
302,190150,0,1,0,2501
303,166027,0,1,0,9200
304,217156,0,1,0,9871
305,131496,1,0,1,7158
306,145336,1,0,1,1806
307,191515,0,0,1,5620
308,168148,0,0,1,7887
309,131496,0,0,1,2080
310,198419,0,0,1,9718
311,166027,0,0,1,9973
312,182670,0,0,1,9180
313,168148,0,0,1,8248
314,230959,1,0,1,6009
315,149505,0,0,1,8952
316,131496,0,0,1,2711
317,130794,0,0,1,9326
318,182670,0,1,0,8566
319,161086,1,0,1,3164
320,166027,0,0,1,1113
321,131496,0,0,1,2736
322,230959,0,0,1,1914
323,161004,0,0,1,8014
324,160977,0,0,1,5783
325,131496,1,0,1,6400
326,160977,0,0,1,5087
327,161086,0,0,1,7588
328,190415,1,0,1,2183
329,198419,0,0,1,3964
330,198419,0,0,1,1252
331,186131,0,0,1,2361
332,182670,0,0,1,6943
333,182670,0,0,1,5169
334,131496,1,0,1,5988
335,166027,0,0,1,1107
336,129525,0,0,1,6094
337,209056,1,0,1,6800
338,164924,1,0,1,5731
339,167260,1,0,1,4933
340,164924,0,0,1,3186
341,167996,0,0,1,3164
342,186131,0,0,1,4921
343,198419,0,0,1,1475
344,175272,0,0,1,8139
345,230959,0,0,1,1119
346,166027,0,1,0,4487
347,164924,1,0,1,7871
348,144050,0,0,1,2373
349,162760,1,1,0,1297
350,161004,0,0,1,7382
351,164988,0,0,1,2188
352,166027,0,0,1,8277
353,232308,1,0,1,5827
354,217156,0,0,1,8703
355,153375,1,0,1,5813
356,190983,1,1,0,6030
357,164988,0,0,1,1047
358,230959,1,0,1,2388
359,131496,0,0,1,8623
360,161086,0,0,1,5376
361,219639,0,0,1,5517
362,182670,1,0,1,3736
363,168342,0,0,1,4224
364,167729,1,0,1,6200
365,164988,0,0,1,3194
366,195173,1,0,1,2259
367,168342,0,0,1,3736
368,164988,1,0,1,6435
369,191515,0,0,1,7744
370,191515,0,0,1,2204
371,166452,1,0,1,7075
372,130794,0,0,1,3515
373,230959,0,0,1,6139
374,164924,0,1,0,2095
375,166027,0,0,1,2711
376,164924,1,0,1,9118
377,161086,0,0,1,5667
378,206941,1,0,1,3768
379,230959,1,0,1,4801
380,190415,0,0,1,5337
381,161086,0,0,1,4619
382,164924,1,1,0,2151
383,161086,1,0,1,2080
384,131496,0,0,1,9501
385,131496,0,0,1,2843
386,182670,1,1,0,4246
387,131496,1,0,1,8033
388,230959,0,0,1,2843
389,164492,1,1,0,1867
390,130794,0,0,1,5179
391,234076,0,0,1,5762
392,168005,1,0,1,2194
393,182670,0,0,1,2967
394,168227,1,0,1,6140
395,220473,1,1,0,4953
396,168148,0,1,0,7377
397,230816,0,0,1,5384
398,166027,0,0,1,1867
399,217156,0,0,1,6974
400,144050,0,0,1,6906
401,166027,0,1,0,2526
402,190372,1,0,1,5715
403,168148,0,0,1,9800
404,234076,0,1,0,2727
405,217156,0,0,1,7377
406,230959,0,1,0,6760
407,191515,0,0,1,6866
408,165024,0,0,1,6934
409,168148,0,1,0,5743
410,160977,0,0,1,8027
411,161086,0,0,1,3950
412,168342,0,0,1,6186
413,437237,0,0,1,2618
414,168148,0,0,1,6689
415,160977,0,0,1,2794
416,161004,0,0,1,5743
417,164924,1,0,1,6360
418,217156,0,1,0,4461
419,163532,1,1,0,9759
420,161518,0,0,1,1709
421,186131,0,1,0,4895
422,217156,0,0,1,1475
423,182670,0,1,0,2174
424,230959,0,0,1,2095
425,182670,0,0,1,5988
426,168342,0,0,1,5944
427,166027,0,0,1,4881
428,166027,0,0,1,7209
429,164924,0,0,1,2307
430,198419,0,0,1,6337
431,168148,0,0,1,3884
432,159009,1,0,1,4474
433,210146,1,0,1,5051
434,177038,1,0,1,6974
435,234076,0,1,0,9501
436,487092,0,0,1,2094
437,217156,0,0,1,5391
438,217156,0,1,0,8453
439,161004,0,0,1,7871
440,230959,1,0,1,9800
441,101587,0,0,1,1464
442,182670,0,0,1,5743
443,164924,0,0,1,5384
444,130794,0,0,1,4701
445,164988,1,0,1,4490
446,198969,1,0,1,8952
447,217156,0,0,1,6504
448,230959,0,0,1,1534
449,182670,0,0,1,3390
450,156213,1,0,1,8114
451,164988,0,0,1,1866
452,131496,0,0,1,4189
453,164924,0,0,1,7659
454,217484,1,0,1,3768
455,182634,1,0,1,4763
456,164924,0,0,1,6432
457,230959,0,0,1,8033
458,164988,0,0,1,6590
459,143358,1,0,1,3483
460,161004,0,0,1,6846
461,198419,0,0,1,5444
462,161004,0,0,1,4858
463,234076,1,1,0,3575
464,166683,0,0,1,2283
465,183044,1,1,0,3825
466,160977,0,0,1,1709
467,491613,1,0,1,7451
468,160977,0,0,1,9782
469,165574,0,0,1,4571
470,161086,0,0,1,2059
471,217156,0,0,1,2973
472,168148,0,0,1,2075
473,182670,0,0,1,6829
474,191515,0,0,1,4749
475,182670,0,0,1,5137
476,161004,0,0,1,5944
477,168148,0,0,1,8620
478,230959,0,0,1,4162
479,164924,0,1,0,5253
480,493479,1,0,1,5078
481,164924,1,0,1,2259
482,165820,1,0,1,6829
483,130794,0,0,1,2080
484,165699,1,0,1,9180
485,482574,0,1,0,6337
486,182670,0,0,1,7588
487,384421,1,0,1,3436
488,166027,1,0,1,3736
489,198419,0,0,1,3768
490,166027,0,0,1,3543
491,190150,0,0,1,2188
492,234076,1,0,1,4792
493,168148,0,0,1,1865
494,180416,1,1,0,2589
495,168148,0,0,1,7699
496,168342,1,0,1,6934
497,487524,1,0,1,7132
498,193609,1,1,0,3740
499,168342,0,0,1,7659
500,157447,1,0,1,8952
501,161086,0,0,1,3517
502,164924,0,1,0,7518
503,217156,0,1,0,3471
504,166027,0,0,1,9982
505,166027,0,0,1,3985
506,168342,0,0,1,7271
507,165802,1,0,1,6665
508,161004,0,0,1,6467
509,161086,0,0,1,5984
510,165662,1,0,1,7849
511,217156,0,0,1,1648
512,182670,0,0,1,1119
513,234076,0,0,1,8723
514,191515,0,0,1,5483
515,166027,0,0,1,6337
516,182670,0,0,1,7598
517,161004,1,0,1,5620
518,168148,0,0,1,4933
519,164924,1,0,1,7229
520,168148,0,0,1,6736
521,217156,0,0,1,9746
522,131496,0,0,1,2653
523,164924,0,0,1,5337
524,168342,0,0,1,7959
525,129941,1,0,1,6496
526,168148,0,0,1,2406
527,166027,0,0,1,5433
528,168342,0,0,1,2361
529,133863,1,0,1,4824
530,131496,0,1,0,6504
531,188678,1,0,1,8027
532,164924,0,0,1,9074
533,166027,0,0,1,7164
534,444413,1,1,0,8055
535,160977,0,0,1,2466
536,129525,1,0,1,6515
537,164924,0,0,1,3091
538,166018,1,0,1,3507
539,130794,0,0,1,8121
540,161004,0,1,0,3639
541,131496,1,0,1,3417
542,182980,1,1,0,9074
543,168148,0,0,1,9801
544,161086,0,1,0,1475
545,168342,1,0,1,2337
546,151306,1,0,1,3180
547,164988,1,0,1,8114
548,190150,0,0,1,3206
549,194958,1,1,0,3686
550,194578,0,0,1,5988
551,217156,0,0,1,6961
552,130794,0,0,1,8700
553,190150,0,0,1,2094
554,231165,1,0,1,2030
555,164924,0,0,1,4608
556,161004,0,0,1,4953
557,131496,0,0,1,9666
558,238458,1,0,1,2026
559,164924,1,0,1,5904
560,164924,0,0,1,3683
561,182670,0,1,0,7959
562,230959,0,1,0,3091
563,229780,1,0,1,6714
564,130794,0,0,1,1175
565,130794,0,1,0,1005
566,168148,0,0,1,4561
567,164924,0,0,1,1297
568,182670,0,0,1,8703
569,166027,0,0,1,2556
570,168148,0,0,1,9973
571,194718,1,1,0,4316
572,166124,1,0,1,1914
573,110404,0,1,0,2361
574,168148,0,1,0,6374
575,190415,0,1,0,8550
576,168148,0,0,1,3074
577,234076,0,0,1,8623
578,164562,1,0,1,9291
579,234076,0,0,1,3736
580,168342,0,0,1,6111
581,131496,0,0,1,5483
582,198419,0,0,1,5603
583,230816,0,0,1,3180
584,183080,1,0,1,9495
585,164535,1,0,1,5743
586,198507,1,0,1,3639
587,198419,0,0,1,6389
588,230959,0,0,1,2410
589,214476,1,0,1,1107
590,217156,1,1,0,4016
591,190415,0,0,1,3349
592,198419,0,0,1,5143
593,210571,1,0,1,6560
594,117946,0,1,0,5186
595,221971,1,0,1,3750
596,164988,0,0,1,4103
597,208725,1,0,1,4792
598,165802,1,1,0,2308
599,186131,1,0,1,7447
600,230959,0,0,1,3677
601,168342,0,0,1,2388
602,186131,0,0,1,1524
603,164988,1,0,1,3164
604,182670,0,0,1,6186
605,166027,0,0,1,9718
606,191515,0,0,1,9518
607,190576,0,0,1,5143
608,190150,0,0,1,3750
609,166027,0,1,0,5792
610,168148,1,0,1,6580
611,217156,0,0,1,2026
612,198419,0,1,0,7598
613,198419,1,0,1,2951
614,144050,0,0,1,8014
615,230959,0,0,1,2865
616,168421,1,0,1,2711
617,164988,0,0,1,6009
618,198419,0,0,1,6335
619,217156,0,0,1,1263
620,164924,0,0,1,7758
621,217156,0,0,1,5233
622,166656,1,0,1,3342
623,161086,0,0,1,5481
624,164924,0,1,0,3180
625,164988,0,0,1,5233
626,144050,1,0,1,7699
627,217156,0,0,1,5603
628,182670,1,1,0,6714
629,161235,1,0,1,6140
630,217156,0,0,1,8277
631,198419,0,0,1,5384
632,182670,0,0,1,1501
633,228149,1,0,1,6829
634,168342,0,0,1,9905
635,235097,1,0,1,8620
636,214157,1,1,0,6186
637,168421,1,0,1,8722
638,164988,0,0,1,9221
639,234076,0,0,1,2388
640,197221,0,1,0,8033
641,230959,0,0,1,7763
642,161086,0,0,1,6560
643,164924,0,0,1,4224
644,230959,1,0,1,4246
645,104179,1,0,1,3677
646,186131,0,0,1,2410
647,168148,0,0,1,2046
648,230959,1,0,1,5419
649,230959,0,0,1,7798
650,186131,0,0,1,5743
651,230959,0,0,1,1970
652,137953,1,0,1,3436
653,164562,1,0,1,7744
654,161086,1,0,1,3664
655,130794,0,0,1,9584
656,125727,0,1,0,6159
657,217156,0,0,1,7809
658,198419,0,0,1,8999
659,130794,0,0,1,6496
660,494463,1,0,1,2308
661,161004,0,0,1,9501
662,230959,0,0,1,7075
663,186131,0,0,1,9718
664,130794,1,0,1,5715
665,230959,1,0,1,4763
666,168342,0,0,1,1047
667,164614,1,0,1,3417
668,130590,0,1,0,2183
669,198419,0,1,0,1970
670,230959,0,0,1,6374
671,191515,0,0,1,9415
672,182670,1,0,1,9718
673,130794,1,0,1,8791
674,186131,0,0,1,2308
675,182670,0,0,1,8086
676,164988,0,0,1,6367
677,183026,1,0,1,2412
678,191515,1,0,1,8796
679,460181,1,0,1,3074
680,198419,0,0,1,1286
681,131496,0,0,1,1568
682,186131,0,0,1,9291
683,216047,1,0,1,6354
684,167394,1,1,0,1215
685,165264,0,0,1,2204
686,130794,0,0,1,6435
687,182670,0,0,1,6515
688,231411,1,0,1,2204
689,204264,1,1,0,6432
690,217156,0,0,1,3694
691,190008,0,0,1,1263
692,168342,0,0,1,5715
693,131496,0,0,1,7763
694,144050,0,0,1,6714
695,164924,0,0,1,8623
696,164924,0,0,1,8139
697,166027,0,0,1,8719
698,164988,0,0,1,1842
699,182670,0,0,1,5143
700,160977,0,0,1,4259
701,182670,1,0,1,8121
702,198419,0,0,1,5007
703,168148,0,0,1,2612
704,161226,1,0,1,1252
705,488785,1,0,1,3299
706,130794,0,0,1,3694
707,182670,0,0,1,7744
708,110556,1,0,1,2174
709,186131,0,1,0,4189
710,164988,0,0,1,6432
711,193399,1,1,0,6485
712,161004,1,0,1,6367
713,166027,0,0,1,1806
714,182670,0,0,1,5620
715,191515,0,0,1,9973
716,186131,0,0,1,9360
717,165866,1,0,1,4608
718,190415,0,0,1,3430
719,161457,1,0,1,5889
720,166027,1,0,1,4564
721,165264,0,0,1,6374
722,213987,1,1,0,4561
723,199643,0,0,1,7788
724,164924,1,1,0,1842
725,217156,0,0,1,8623
726,161086,0,1,0,2388
727,182670,0,0,1,5783
728,182670,1,0,1,4091
729,131496,0,0,1,4246
730,212106,1,1,0,8098
731,160977,1,0,1,2653
732,198419,0,0,1,1867
733,491817,1,0,1,5197
734,166027,0,0,1,7447
735,166027,0,0,1,8033
736,160977,0,0,1,3985
737,126580,1,0,1,2075
738,160977,0,0,1,8464
739,164562,1,0,1,5198
740,168148,0,0,1,6360
741,168148,1,0,1,5813
742,168148,0,0,1,2373
743,182670,1,0,1,1709
744,160612,1,1,0,1263
745,481225,1,0,1,1463
746,217156,0,0,1,1806
747,130794,0,0,1,5384
748,130590,0,0,1,7598
749,186131,0,0,1,2526
750,161086,0,1,0,8277
751,161004,0,0,1,5007
752,130794,0,0,1,2727
753,144050,0,0,1,4259
754,186131,0,0,1,6786
755,363934,1,0,1,5529
756,164988,1,0,1,6943
757,130794,0,0,1,4027
758,190150,0,0,1,2435
759,192703,1,0,1,2283
760,203845,0,0,1,2653
761,194091,0,1,0,6906
762,198419,0,1,0,3122
763,198419,0,0,1,2357
764,161086,0,0,1,3346
765,198419,0,1,0,2486
766,217156,0,0,1,5376
767,166027,0,0,1,4016
768,168148,0,0,1,9880
769,198419,0,0,1,2973
770,190150,0,0,1,4103
771,166027,0,0,1,3346
772,230959,0,0,1,3686
773,130794,0,0,1,2556
774,168148,0,0,1,1286
775,190150,0,0,1,2406
776,190150,0,0,1,9871
777,166027,0,0,1,3694
778,131283,1,0,1,3314
779,234076,0,0,1,7075
780,164924,1,0,1,4571
781,182670,1,0,1,2204
782,191515,1,0,1,9291
783,161004,0,0,1,2259
784,217156,0,0,1,8405
785,198419,0,0,1,4881
786,230959,0,0,1,3186
787,198419,0,0,1,5511
788,131496,0,0,1,1261
789,168342,1,0,1,8646
790,161086,0,1,0,8646
791,210146,1,0,1,6485
792,182670,0,0,1,1970
793,168342,1,1,0,1934
794,217156,0,0,1,9982
795,168148,1,0,1,8121
796,166027,0,0,1,5517
797,230959,0,0,1,2466
798,190415,0,1,0,4564
799,190415,0,0,1,6347
800,166027,0,0,1,1475
801,198419,0,1,0,5529
802,161253,1,0,1,1709
803,166027,0,0,1,6800
804,190150,0,0,1,3543
805,165574,0,0,1,7548
806,190415,0,0,1,3180
807,190415,0,0,1,4858
808,166027,1,0,1,7466
809,198419,0,0,1,8614
810,166027,0,0,1,3122
811,168227,1,0,1,5051
812,234076,1,0,1,4953
813,190415,0,0,1,2414
814,166027,0,0,1,6435
815,217156,0,0,1,6367
816,161004,0,0,1,1047
817,168148,1,0,1,5444
818,161873,1,1,0,4474
819,191515,0,0,1,5603
820,198419,0,1,0,7699
821,215053,0,0,1,2486
822,182670,0,1,0,5179
823,168254,1,0,1,2727
824,234076,0,1,0,2046
825,182670,0,0,1,5962
826,144050,0,0,1,2046
827,209551,1,0,1,9221
828,198419,1,0,1,1842
829,166027,0,0,1,1015
830,166027,1,1,0,7588
831,164988,1,1,0,2142
832,234076,0,1,0,2080
833,130776,1,0,1,1116
834,182670,1,0,1,7075
835,234076,0,0,1,7451
836,164924,0,1,0,7963
837,198871,1,0,1,9518
838,196653,1,0,1,5444
839,130794,0,0,1,6567
840,230816,1,0,1,3683
841,161086,0,0,1,3342
842,217156,0,0,1,9046
843,122436,0,0,1,5762
844,237561,1,0,1,2406
845,166027,0,0,1,5944
846,215284,1,0,1,5783
847,166027,0,0,1,6009
848,164988,0,1,0,3603
849,161004,0,0,1,2987
850,182670,0,0,1,9518
851,222178,1,1,0,9415
852,182670,0,0,1,1475
853,160977,0,1,0,9718
854,234076,0,0,1,2857
855,182670,0,0,1,6820
856,190415,0,0,1,2059
857,152497,1,0,1,1020
858,152099,1,1,0,5332
859,144050,0,0,1,7298
860,161004,0,1,0,1116
861,164924,1,0,1,7798
862,161004,0,0,1,9687
863,164924,0,0,1,9195
864,183080,1,0,1,2308
865,161086,1,0,1,8936
866,164748,1,0,1,5653
867,168148,0,0,1,4824
868,166027,0,0,1,6945
869,230959,0,0,1,2326
870,217156,0,0,1,5007
871,234076,1,1,0,2188
872,168342,1,0,1,5481
873,130794,0,1,0,1125
874,161086,0,0,1,3504
875,131496,0,0,1,7075
876,168342,0,0,1,8554
877,134945,1,0,1,6958
878,199157,1,0,1,2417
879,160977,0,0,1,1116
880,182670,1,0,1,3306
881,217156,0,0,1,1376
882,205957,1,0,1,5715
883,182670,0,0,1,3677
884,230959,0,1,0,6140
885,166027,0,0,1,3430
886,190150,0,0,1,4729
887,234076,0,0,1,6934
888,153977,1,0,1,4898
889,129215,0,0,1,3603
890,182670,0,0,1,2880
891,230959,1,0,1,3342
892,164924,0,0,1,3349
893,164988,0,0,1,2283
894,168227,1,0,1,8277
895,218061,1,0,1,7017
896,168342,0,0,1,3306
897,160977,1,0,1,7132
898,164924,0,0,1,3417
899,443261,1,0,1,1119
900,217819,1,1,0,1261
901,166027,0,0,1,2373
902,191515,0,0,1,4421
903,131496,0,1,0,6367
904,182917,1,1,0,2086
905,198419,0,0,1,9269
906,217156,0,0,1,4123
907,198419,0,0,1,5827
908,217688,0,0,1,8055
909,127556,1,0,1,5571
910,148405,1,0,1,5087
911,160977,0,0,1,6736
912,164988,0,0,1,3190
913,230959,0,0,1,7548
914,166027,0,0,1,2032
915,190415,1,0,1,2880
916,166027,1,1,0,1175
917,161004,0,0,1,2308
918,161004,0,1,0,7200
919,198613,1,0,1,2046
920,232618,1,0,1,8464
921,166018,0,0,1,1776
922,230889,1,0,1,6207
923,144050,0,0,1,2086
924,161086,0,0,1,4316
925,164924,0,1,0,4798
926,230047,1,0,1,1867
927,243799,0,0,1,4619
928,160977,0,0,1,6786
929,168148,0,0,1,8854
930,131496,0,0,1,3186
931,198419,0,0,1,9046
932,131496,0,0,1,5904
933,190150,0,0,1,7017
934,182670,0,0,1,9415
935,186131,0,0,1,4474
936,234076,0,0,1,7984
937,168342,0,1,0,5143
938,190415,0,0,1,8703
939,230959,0,1,0,7229
940,153278,1,0,1,3425
941,130794,0,0,1,7871
942,168148,0,0,1,3342
943,166027,0,0,1,7111
944,166027,1,0,1,1119
945,166027,0,0,1,2412
946,486938,1,0,1,3284
947,230959,0,0,1,6890
948,182670,1,1,0,5064
949,164924,0,0,1,1005
950,230959,0,0,1,1648
951,237181,1,0,1,6714
952,164924,0,0,1,2435
953,128771,1,0,1,4316
954,168342,0,0,1,3964
955,190150,0,0,1,6934
956,182670,0,0,1,9584
957,130314,1,0,1,7659
958,213543,0,0,1,9718
959,130794,0,0,1,7608
960,217156,0,0,1,6485
961,144050,0,0,1,2059
962,198419,0,0,1,2711
963,130794,0,0,1,6556
964,190150,1,0,1,6374
965,182670,0,0,1,5352
966,166027,0,0,1,7809
967,161572,1,0,1,5783
968,163268,1,1,0,8168
969,128902,0,0,1,6435
970,121257,0,0,1,3390
971,234076,0,0,1,4729
972,182670,0,0,1,2410
973,166452,1,0,1,8279
974,466921,1,0,1,4461
975,182670,0,1,0,8027
976,190415,0,0,1,5715
977,166027,1,1,0,9180
978,182670,0,0,1,4027
979,166027,0,0,1,3515
980,164924,0,0,1,3342
981,160977,0,0,1,9973
982,199148,1,0,1,2794
983,147129,1,0,1,8791
984,144050,0,1,0,3164
985,190415,0,1,0,2967
986,168342,0,0,1,3219
987,161004,0,1,0,2857
988,168342,1,0,1,5957
989,490498,1,0,1,6288
990,130794,1,0,1,2133
991,166027,1,1,0,6645
992,198419,0,0,1,1125
993,161004,0,0,1,5391
994,143048,1,0,1,6389
995,166027,1,0,1,8554
996,164924,0,0,1,2204
997,165802,1,0,1,1970
998,234076,0,0,1,1685
999,182670,0,1,0,5696
1000,166027,0,0,1,5923
1001,230959,0,0,1,6207
1002,217156,0,1,0,9783
1003,198419,0,0,1,9700
1004,230959,1,0,1,3639
1005,186131,1,0,1,4798
1006,130794,0,1,0,7763
1007,164924,0,0,1,7017
1008,447263,1,0,1,9178
1009,182670,0,0,1,8158
1010,191515,0,0,1,4461
1011,186131,0,0,1,4103
1012,161004,0,0,1,2466
1013,168342,0,0,1,5181
1014,193584,1,0,1,7697
1015,239017,1,0,1,7548
1016,164924,1,1,0,1350
1017,182670,0,0,1,7518
1018,167792,1,0,1,5051
1019,168148,0,0,1,5475
1020,164924,0,0,1,7765
1021,131496,1,0,1,3825
1022,164924,0,0,1,9871
1023,130226,1,0,1,2337
1024,129941,0,0,1,9937
1025,180832,1,0,1,5178
1026,107044,1,1,0,8248
1027,161086,1,0,1,1286
1028,369668,0,0,1,9360
1029,166027,0,0,1,2486
1030,168342,1,0,1,6958
1031,168342,0,0,1,6826
1032,168148,0,0,1,7798
1033,168148,0,0,1,9475
1034,168227,1,1,0,4933
1035,168342,0,0,1,5169
1036,498571,1,0,1,7681
1037,190415,0,0,1,8646
1038,131496,0,0,1,6354
1039,486017,1,1,0,5137
1040,164924,0,0,1,9843
1041,186131,0,0,1,8646
1042,198419,0,1,0,5908
1043,165936,1,0,1,6360
1044,198419,0,1,0,9495
1045,227863,1,1,0,2479
1046,164924,1,0,1,9973
1047,164924,0,0,1,5444
1048,166027,0,0,1,6467
1049,164614,1,0,1,2417
1050,198419,0,0,1,7758
1051,230959,1,0,1,9584
1052,144050,0,0,1,2857
1053,463056,1,0,1,2987
1054,144050,0,0,1,2417
1055,230959,1,0,1,5384
1056,190415,0,1,0,9118
1057,164988,0,0,1,1594
1058,160977,0,0,1,5528
1059,166452,1,0,1,3122
1060,131496,0,0,1,5944
1061,217156,0,1,0,6009
1062,166027,0,1,0,3186
1063,193654,1,0,1,1776
1064,230959,0,0,1,5715
1065,234076,1,1,0,7545
1066,165820,1,0,1,2619
1067,131496,0,0,1,9178
1068,131496,0,0,1,8005
1069,130794,0,0,1,5210
1070,182670,0,0,1,8722
1071,166027,0,0,1,7849
1072,161004,0,0,1,3180
1073,164924,1,0,1,2412
1074,217156,0,1,0,4259
1075,168342,0,0,1,3639
1076,167057,1,0,1,3717
1077,186131,1,0,1,6590
1078,217156,0,0,1,3683
1079,130934,1,0,1,9833
1080,160977,0,0,1,3190
1081,164924,0,0,1,1116
1082,168148,0,0,1,3436
1083,161004,0,0,1,8248
1084,166027,0,0,1,4896
1085,131496,0,0,1,2763
1086,166027,1,0,1,4953
1087,164988,0,0,1,7451
1088,166027,1,0,1,4246
1089,209922,1,0,1,6288
1090,233301,1,1,0,9269
1091,144050,0,0,1,2987
1092,165024,1,0,1,2326
1093,164924,0,0,1,3483
1094,234076,1,0,1,5944
1095,217156,0,0,1,2357
1096,217156,1,0,1,3543
1097,161299,1,1,0,9801
1098,168148,1,0,1,3543
1099,166027,0,0,1,9128
1100,131496,1,1,0,8723
1101,161004,0,0,1,5653
1102,164924,0,0,1,9180
1103,161086,0,0,1,5671
1104,217156,0,0,1,1709
1105,182670,0,1,0,4215
1106,164924,1,0,1,3694
1107,166027,1,0,1,2865
1108,190415,1,0,1,4105
1109,182670,0,1,0,3531
1110,191515,0,0,1,6367
1111,129941,1,0,1,9687
1112,138354,0,0,1,2991
1113,191630,0,0,1,9200
1114,182670,0,0,1,4921
1115,168148,0,1,0,6467
1116,164924,1,0,1,2501
1117,168148,0,0,1,4331
1118,198419,1,0,1,6485
1119,164924,0,0,1,2406
1120,168148,0,0,1,1867
1121,161004,0,0,1,3425
1122,421708,1,0,1,6123
1123,130794,0,0,1,4379
1124,183044,1,0,1,3460
1125,166939,1,0,1,4461
1126,190150,1,0,1,3950
1127,148405,0,0,1,3686
1128,166027,0,0,1,9702
1129,225201,0,0,1,5492
1130,164924,0,0,1,2417
1131,243780,0,0,1,1284
1132,166027,0,1,0,8620
1133,217156,0,1,0,4921
1134,161004,0,1,0,3436
1135,191515,0,1,0,8703
1136,186131,1,1,0,1534
1137,182670,0,1,0,1286
1138,230959,0,0,1,1424
1139,167871,0,0,1,1209
1140,225399,1,0,1,9415
1141,214731,1,0,1,5783
1142,165334,0,1,0,8005
1143,131496,0,0,1,4035
1144,164580,1,1,0,5277
1145,182670,0,0,1,6826
1146,161004,0,0,1,8961
1147,168342,1,0,1,9497
1148,247649,0,1,0,3767
1149,214689,1,0,1,6700
1150,168148,0,0,1,6800
1151,230959,0,0,1,2194
1152,166027,0,0,1,4359
1153,230959,0,0,1,1005
1154,182670,0,0,1,1020
1155,164924,0,1,0,6425
1156,168148,0,1,0,3284
1157,211024,1,0,1,4123
1158,217156,0,0,1,3186
1159,164924,0,0,1,8027
1160,142115,1,0,1,8703
1161,228459,1,0,1,8623
1162,168148,0,1,0,6890
1163,182670,0,0,1,4763
1164,165264,0,0,1,7451
1165,166027,0,0,1,6335
1166,182670,0,0,1,6140
1167,131496,0,0,1,2973
1168,168148,0,0,1,2414
1169,131496,0,0,1,2406
1170,161004,0,0,1,7681
1171,131496,0,1,0,5376
1172,191515,0,0,1,3417
1173,168342,0,0,1,1228
1174,166027,0,1,0,2736
1175,131496,0,0,1,8114
1176,168342,0,1,0,4824
1177,168148,0,0,1,1116
1178,164924,1,0,1,7548
1179,161004,0,0,1,9982
1180,160977,1,1,0,6416
1181,217156,0,0,1,2046
1182,190415,0,0,1,1685
1183,234076,0,1,0,2410
1184,482149,1,0,1,6786
1185,230959,1,0,1,2486
1186,168342,0,0,1,8566
1187,168342,0,1,0,9291
1188,194116,1,1,0,6945
1189,182670,0,0,1,5337
1190,190415,0,0,1,9584
1191,164924,1,0,1,4331
1192,230959,0,0,1,1228
1193,164924,0,0,1,5419
1194,164988,0,0,1,1261
1195,234076,0,0,1,3884
1196,198419,0,0,1,9783
1197,198419,0,1,0,7809
1198,161086,0,0,1,5892
1199,144050,0,0,1,5511
1200,130794,0,0,1,2857
1201,168342,0,0,1,6288
1202,191515,0,0,1,2609
1203,164924,1,1,0,1159
1204,441982,0,0,1,7518
1205,217156,0,0,1,3483
1206,166629,1,0,1,9200
1207,198419,0,0,1,1020
1208,144050,0,0,1,6890
1209,443410,1,0,1,3664
1210,144050,0,1,0,5337
1211,217156,0,0,1,1261
1212,217156,0,0,1,2095
1213,182670,0,0,1,3800
1214,164924,0,0,1,2991
1215,166027,0,0,1,3964
1216,191515,1,0,1,3507
1217,168342,0,0,1,4490
1218,166027,0,0,1,2188
1219,198419,0,0,1,9746
1220,217156,1,0,1,6689
1221,217156,0,1,0,5511
1222,191515,1,0,1,2406
1223,191515,0,0,1,6340
1224,198419,0,0,1,2417
1225,166027,0,1,0,3342
1226,161004,0,0,1,6719
1227,230959,1,0,1,3694
1228,166027,0,0,1,6504
1229,160977,0,0,1,5198
1230,164924,0,0,1,4824
1231,161086,0,0,1,7209
1232,217156,1,1,0,8121
1233,198419,0,0,1,8723
1234,166027,0,0,1,4749
1235,165644,1,0,1,3460
1236,165024,1,0,1,4461
1237,166027,0,0,1,8121
1238,182670,1,0,1,9501
1239,214476,1,0,1,6961
1240,479992,0,0,1,7871
1241,160977,0,0,1,3677
1242,164924,0,1,0,4881
1243,168148,0,1,0,4162
1244,198419,0,0,1,6288
1245,161086,0,0,1,4289
1246,182670,0,1,0,3190
1247,164447,1,0,1,1015
1248,131496,0,0,1,5620
1249,144050,0,0,1,6934
1250,231059,1,0,1,5743
1251,161004,0,0,1,5731
1252,493594,0,0,1,2435
1253,191533,0,0,1,9800
1254,198419,0,0,1,7887
1255,131496,0,0,1,6467
1256,217059,1,0,1,4224
1257,369668,1,1,0,3314
1258,166638,1,0,1,2326
1259,198419,0,0,1,5731
1260,164988,0,0,1,5990
1261,182670,0,0,1,3460
1262,144050,1,0,1,8620
1263,131496,0,0,1,5517
1264,182670,0,1,0,3134
1265,161004,0,0,1,7763
1266,160977,0,0,1,9518
1267,161086,1,0,1,7681
1268,165334,1,0,1,2619
1269,128744,1,0,1,5143
1270,190415,0,0,1,8279
1271,190415,1,1,0,6354
1272,182670,0,0,1,2951
1273,131496,0,0,1,2951
1274,198419,0,1,0,9880
1275,144050,0,0,1,3736
1276,161004,1,0,1,5143
1277,130794,0,0,1,2026
1278,131496,0,0,1,9718
1279,182670,0,0,1,9982
1280,180692,1,0,1,5332
1281,240471,1,1,0,5715
1282,217156,0,0,1,2417
1283,129215,1,0,1,8550
1284,493594,0,1,0,6958
1285,191515,0,0,1,5990
1286,131496,1,1,0,8139
1287,164924,0,0,1,2967
1288,230959,0,0,1,4921
1289,238616,1,0,1,6496
1290,191515,0,0,1,9846
1291,161004,1,0,1,2326
1292,190415,1,1,0,9891
1293,182670,0,0,1,2973
1294,164924,1,0,1,7209
1295,164988,0,0,1,8936
1296,166692,0,0,1,3964
1297,131496,0,0,1,1125
1298,214670,1,0,1,5667
1299,161086,0,0,1,7229
1300,171571,1,0,1,8999
1301,144050,0,0,1,7229
1302,198419,0,0,1,4490
1303,217156,0,0,1,2711
1304,168227,1,0,1,6360
1305,161086,0,1,0,6590
1306,144050,0,0,1,4091
1307,231059,1,0,1,6400
1308,230852,0,0,1,2086
1309,480781,0,0,1,2763
1310,168148,0,0,1,9291
1311,130794,0,0,1,7091
1312,166027,0,0,1,9046
1313,234076,0,0,1,4619
1314,164924,1,0,1,2410
1315,218061,1,0,1,5517
1316,130493,1,0,1,9801
1317,186131,1,0,1,7659
1318,166027,1,1,0,7331
1319,161004,0,0,1,7765
1320,166027,0,0,1,6485
1321,130794,0,0,1,6367
1322,163912,1,0,1,6543
1323,164924,0,0,1,3515
1324,234076,1,0,1,5962
1325,219949,1,0,1,1263
1326,230959,1,0,1,8566
1327,168148,0,0,1,1263
1328,131496,0,0,1,4224
1329,161004,0,0,1,1568
1330,198598,1,0,1,3164
1331,230959,0,0,1,2412
1332,190150,0,0,1,3736
1333,161004,0,0,1,4934
1334,164924,0,0,1,8257
1335,217156,0,1,0,6826
1336,164988,0,0,1,6846
1337,161086,0,0,1,2987
1338,167792,1,0,1,6736
1339,161509,1,1,0,1599
1340,226231,1,0,1,4707
1341,161004,0,0,1,8723
1342,168342,1,0,1,9702
1343,182670,0,1,0,2258
1344,161004,0,0,1,5783
1345,166027,0,1,0,4091
1346,217721,1,0,1,1284
1347,217156,0,0,1,1501
1348,217156,1,0,1,4091
1349,144050,0,0,1,8798
1350,160977,0,1,0,5384
1351,168148,1,0,1,6560
1352,417646,1,0,1,7158
1353,161004,0,0,1,2406
1354,191515,0,0,1,7608
1355,191515,0,0,1,1424
1356,161086,0,0,1,2843
1357,164924,0,0,1,5792
1358,168148,0,1,0,6454
1359,164924,0,0,1,5742
1360,130253,0,0,1,1119
1361,131496,1,1,0,4243
1362,190150,0,1,0,8279
1363,182670,0,0,1,4561
1364,230959,0,0,1,1263
1365,122728,1,0,1,9833
1366,190415,0,0,1,4896
1367,230959,0,0,1,7849
1368,230959,0,0,1,6543
1369,168148,0,0,1,4729
1370,161086,0,0,1,2326
1371,213020,1,1,0,8352
1372,131496,0,0,1,9046
1373,128902,0,0,1,9800
1374,164924,0,0,1,4564
1375,161004,0,0,1,6400
1376,198419,0,0,1,8005
1377,144050,0,0,1,2501
1378,183211,0,1,0,2209
1379,230959,0,0,1,9799
1380,164924,1,0,1,5571
1381,234076,1,0,1,3186
1382,191515,0,0,1,9475
1383,166027,0,0,1,6590
1384,230959,1,0,1,5179
1385,166027,0,1,0,5988
1386,161004,0,1,0,9046
1387,197744,1,1,0,4123
1388,166027,0,0,1,1136
1389,110644,0,0,1,8033
1390,190415,1,1,0,4379
1391,197133,0,1,0,6560
1392,166027,0,0,1,4474
1393,160977,1,1,0,2357
1394,183026,1,1,0,7209
1395,217493,0,0,1,4379
1396,161235,1,0,1,8620
1397,161086,0,0,1,3186
1398,234076,0,0,1,4540
1399,167057,1,0,1,5957
1400,168342,0,0,1,1064
1401,217156,0,0,1,9666
1402,203517,1,0,1,9746
1403,230959,0,0,1,7200
1404,133979,1,0,1,9687
1405,190415,1,1,0,2643
1406,183080,1,0,1,4801
1407,168342,0,0,1,9195
1408,144050,0,0,1,4105
1409,168148,0,0,1,5179
1410,234076,0,0,1,3460
1411,217156,0,0,1,7718
1412,234076,0,0,1,4763
1413,186131,0,0,1,4027
1414,164562,1,0,1,3884
1415,198419,0,1,0,8961
1416,182670,0,0,1,9905
1417,186131,0,0,1,3190
1418,170976,0,0,1,2188
1419,128744,1,0,1,8952
1420,164924,0,0,1,4359
1421,164924,0,0,1,1107
1422,166027,0,0,1,3471
1423,129774,1,1,0,5391
1424,131496,0,1,0,2337
1425,198419,0,0,1,7164
1426,161004,0,1,0,6094
1427,182670,1,0,1,8453
1428,166027,0,0,1,5305
1429,166027,0,0,1,3284
1430,182670,0,0,1,4289
1431,182670,0,0,1,2337
1432,230959,0,0,1,1865
1433,164988,0,0,1,4162
1434,161022,1,0,1,9374
1435,131496,0,0,1,2209
1436,164924,0,0,1,1534
1437,230959,1,0,1,4940
1438,198419,0,1,0,6943
1439,166027,1,1,0,8014
1440,130794,1,0,1,3184
1441,147828,1,0,1,6288
1442,182670,0,0,1,6485
1443,198419,0,0,1,1534
1444,164924,1,1,0,2586
1445,166027,0,0,1,3206
1446,166027,0,0,1,7765
1447,167598,1,0,1,7377
1448,481410,1,0,1,1501
1449,482556,1,0,1,7548
1450,186131,0,0,1,9666
1451,190150,0,0,1,2618
1452,191515,0,0,1,8033
1453,190415,1,0,1,6444
1454,164988,0,0,1,7697
1455,190415,0,1,0,7132
1456,161004,1,0,1,5217
1457,164924,0,0,1,6760
1458,183026,1,0,1,8121
1459,144050,0,0,1,5376
1460,131496,0,0,1,6943
1461,182670,1,1,0,9937
1462,130794,0,0,1,5483
1463,128498,0,0,1,4035
1464,168342,0,0,1,8464
1465,234076,0,0,1,2026
1466,217156,0,1,0,2653
1467,230959,0,1,0,9833
1468,164924,1,1,0,7091
1469,160074,1,0,1,8703
1470,190415,1,0,1,6945
1471,161004,0,1,0,4224
1472,141334,1,0,1,5944
1473,198419,0,0,1,6714
1474,170532,0,1,0,2059
1475,217156,0,0,1,5783
1476,131496,0,0,1,1228
1477,183211,1,0,1,1776
1478,168148,0,0,1,6373
1479,457925,1,1,0,4727
1480,168148,0,0,1,2973
1481,161004,0,0,1,3736
1482,163046,1,0,1,4091
1483,436827,1,0,1,4359
1484,190415,0,0,1,6700
1485,130493,0,0,1,3430
1486,436827,1,0,1,5528
1487,217156,0,0,1,7744
1488,191515,0,0,1,1842
1489,128744,1,0,1,4123
1490,234076,0,0,1,3504
1491,217156,0,0,1,9528
1492,130226,1,0,1,3122
1493,198419,0,0,1,2388
1494,166027,1,0,1,7779
1495,234076,1,1,0,8719
1496,182670,0,0,1,6439
1497,215770,1,0,1,7984
1498,164924,0,0,1,5517
1499,382416,1,0,1,5667
1500,214689,1,1,0,5483
1501,160977,0,0,1,6829
1502,182670,0,0,1,7271
1503,164924,0,0,1,9178
1504,120768,0,0,1,6943
1505,168148,0,0,1,7158
1506,166391,1,0,1,5990
1507,217156,0,0,1,5277
1508,191621,1,1,0,1047
1509,234076,0,0,1,5419
1510,161004,1,1,0,1866
1511,160977,0,0,1,7984
1512,182670,1,1,0,5161
1513,161086,1,0,1,2526
1514,160977,0,0,1,6906
1515,214166,1,0,1,6367
1516,212601,1,0,1,4921
1517,192749,1,0,1,2032
1518,182670,0,0,1,6432
1519,186131,0,0,1,1297
1520,234076,0,0,1,2526
1521,161004,0,0,1,9891
1522,191515,0,0,1,3190
1523,166027,0,0,1,1463
1524,159568,1,1,0,2185
1525,482556,1,0,1,8700
1526,168342,0,0,1,3884
1527,182670,0,0,1,2046
1528,161004,0,0,1,5990
1529,166027,1,0,1,7788
1530,234076,0,0,1,7788
1531,166692,1,0,1,9128
1532,418524,1,0,1,2794
1533,161004,0,1,0,6200
1534,168148,1,0,1,1860
1535,217156,0,0,1,4707
1536,182670,0,0,1,2080
1537,190415,0,0,1,4027
1538,481410,1,1,0,5352
1539,164924,0,0,1,6444
1540,186131,0,0,1,6274
1541,168148,0,0,1,8464
1542,231095,1,0,1,3517
1543,217156,0,0,1,6890
1544,190415,0,1,0,8464
1545,234076,0,0,1,6567
1546,161004,1,0,1,2414
1547,164988,1,0,1,9475
1548,166027,0,0,1,9012
1549,182670,0,0,1,2435
1550,144050,0,0,1,8055
1551,166027,0,1,0,3884
1552,168148,0,0,1,8158
1553,131496,0,0,1,6700
1554,161086,0,0,1,7158
1555,217156,0,1,0,9973
1556,191515,0,0,1,4792
1557,168148,0,0,1,2589
1558,131496,0,0,1,8614
1559,182670,0,0,1,6760
1560,128902,1,0,1,6140
1561,230959,0,0,1,2059
1562,130794,0,0,1,2357
1563,186618,0,0,1,2307
1564,160977,1,0,1,3390
1565,166027,0,0,1,6367
1566,167835,1,0,1,1263
1567,234076,0,0,1,6347
1568,130794,0,0,1,6159
1569,164924,0,0,1,8550
1570,164924,0,0,1,4379
1571,168148,0,0,1,7298
1572,234076,1,0,1,8584
1573,164924,1,0,1,9982
1574,144050,0,0,1,6786
1575,164924,0,0,1,3576
1576,191515,1,0,1,8854
1577,160977,0,0,1,2556
1578,154101,0,0,1,4881
1579,131496,0,0,1,5962
1580,217156,0,0,1,1047
1581,191515,0,0,1,7451
1582,186131,0,0,1,6207
1583,161004,0,0,1,1228
1584,234076,0,0,1,8566
1585,215691,1,0,1,7518
1586,230959,0,0,1,1867
1587,168148,0,0,1,4792
1588,164924,1,0,1,1464
1589,164988,0,0,1,6400
1590,107983,1,0,1,1501
1591,168342,0,0,1,3686
1592,125727,1,0,1,3964
1593,217156,0,0,1,3284
1594,182670,0,0,1,2194
1595,162760,1,0,1,8614
1596,164924,0,0,1,4289
1597,166027,1,1,0,5884
1598,198419,0,0,1,3184
1599,198419,0,0,1,6207
1600,182670,0,0,1,5186
1601,182670,0,0,1,4896
1602,190150,0,0,1,9846
1603,131496,0,0,1,6139
1604,164924,0,0,1,2209
1605,172334,1,0,1,9982
1606,164924,0,0,1,6347
1607,130794,0,0,1,1865
1608,161086,0,0,1,1215
1609,198419,0,0,1,8550
1610,217156,1,0,1,5210
1611,168148,0,1,0,3390
1612,230959,0,0,1,5517
1613,164492,1,0,1,1297
1614,182670,0,0,1,7091
1615,189088,1,0,1,5990
1616,130794,0,0,1,3349
1617,161086,0,0,1,2435
1618,198419,1,0,1,4487
1619,144050,0,0,1,5696
1620,133881,1,0,1,9846
1621,131496,0,0,1,7377
1622,183211,1,0,1,6890
1623,164988,0,0,1,3206
1624,131496,0,0,1,9833
1625,166027,0,1,0,3425
1626,217156,0,0,1,5143
1627,168342,0,0,1,3531
1628,168148,0,0,1,3504
1629,182670,0,0,1,6567
1630,164924,0,0,1,2326
1631,190150,0,0,1,2283
1632,168148,0,0,1,4316
1633,165264,1,0,1,5904
1634,161086,1,0,1,2032
1635,168148,0,0,1,6786
1636,164924,0,0,1,5475
1637,166027,0,0,1,8055
1638,190150,0,0,1,6288
1639,168342,0,0,1,5762
1640,144050,0,0,1,7659
1641,488563,0,0,1,1464
1642,234076,1,0,1,8961
1643,198419,0,0,1,5492
1644,166027,0,0,1,8257
1645,131496,0,0,1,5889
1646,217156,0,0,1,6958
1647,131496,0,0,1,4792
1648,483036,1,0,1,1263
1649,161086,0,0,1,5889
1650,217156,0,0,1,9415
1651,166027,0,0,1,5984
1652,130794,0,0,1,4490
1653,198419,0,0,1,5186
1654,482468,0,1,0,4501
1655,217156,0,0,1,6943
1656,198419,0,0,1,5762
1657,191515,0,0,1,1501
1658,164924,0,0,1,8936
1659,198419,0,0,1,7298
1660,198419,0,0,1,4749
1661,146719,1,0,1,5892
1662,161004,1,0,1,9180
1663,190415,0,0,1,7382
1664,441900,1,0,1,7798
1665,218654,1,0,1,5962
1666,217156,0,1,0,6123
1667,449612,1,0,1,5444
1668,160977,0,0,1,2185
1669,130794,0,0,1,5419
1670,168148,0,0,1,4501
1671,161004,0,0,1,1209
1672,165015,0,0,1,3180
1673,168342,0,0,1,2094
1674,191515,0,0,1,8293
1675,234076,0,0,1,3767
1676,168342,1,0,1,6683
1677,166027,0,1,0,1273
1678,164924,0,0,1,3768
1679,182670,0,0,1,7871
1680,191515,0,0,1,9982
1681,166027,1,0,1,3531
1682,198419,0,0,1,9843
1683,431600,1,0,1,9891
1684,217156,0,1,0,3074
1685,164924,0,1,0,6580
1686,166027,0,0,1,2991
1687,217156,0,0,1,2308
1688,190150,1,0,1,2337
1689,217420,1,0,1,3507
1690,190150,0,0,1,6515
1691,168342,0,0,1,3430
1692,190415,1,0,1,3483
1693,217156,0,0,1,4608
1694,130794,0,0,1,8620
1695,195030,0,0,1,2026
1696,164924,1,1,0,9518
1697,182980,1,0,1,3430
1698,161086,0,1,0,5990
1699,130794,0,0,1,9497
1700,164924,1,0,1,6435
1701,193070,1,0,1,5813
1702,191515,0,1,0,5923
1703,130794,0,0,1,6360
1704,230959,1,1,0,3349
1705,160977,0,0,1,3306
1706,161341,1,1,0,3048
1707,168342,0,0,1,9718
1708,214175,1,0,1,9973
1709,230959,0,0,1,4824
1710,164924,0,0,1,2466
1711,168148,0,1,0,8952
1712,164924,1,0,1,3122
1713,186131,0,0,1,5305
1714,190150,0,0,1,5827
1715,190150,0,1,0,8722
1716,164924,0,1,0,6683
1717,224323,0,0,1,7382
1718,191515,0,0,1,8014
1719,166027,0,0,1,1297
1720,476975,1,0,1,8168
1721,186131,0,0,1,1015
1722,186131,1,1,0,6567
1723,190415,1,1,0,4969
1724,168342,0,1,0,2618
1725,217156,0,0,1,2967
1726,161086,0,0,1,6439
1727,161004,0,0,1,3190
1728,168148,0,0,1,4707
1729,168148,0,0,1,3277
1730,182670,0,0,1,2412
1731,234076,0,0,1,4359
1732,198419,0,0,1,1047
1733,130493,1,1,0,5984
1734,182670,0,0,1,7567
1735,234076,1,0,1,1297
1736,161004,0,0,1,2388
1737,240462,0,0,1,4608
1738,144050,1,0,1,8086
1739,164924,0,0,1,8722
1740,217156,0,0,1,8554
1741,164924,0,0,1,3767
1742,239628,1,1,0,8999
1743,164924,0,0,1,3504
1744,168342,1,0,1,4474
1745,164988,0,0,1,6373
1746,164988,0,0,1,7779
1747,217156,0,0,1,8961
1748,166027,0,1,0,2406
1749,217536,1,0,1,7659
1750,164924,0,0,1,5186
1751,190150,0,0,1,3164
1752,232423,1,0,1,5253
1753,168148,0,1,0,5481
1754,217235,0,1,0,4490
1755,182917,1,0,1,7567
1756,186131,0,0,1,7697
1757,164924,0,0,1,9880
1758,186131,0,0,1,4953
1759,130794,0,0,1,7075
1760,191515,0,0,1,7718
1761,234076,1,0,1,3346
1762,126818,1,0,1,1776
1763,215929,0,1,0,9702
1764,166027,0,0,1,1168
1765,190150,0,0,1,8854
1766,166027,0,0,1,1116
1767,168148,0,0,1,7382
1768,168342,0,0,1,2736
1769,164173,1,0,1,6719
1770,217402,1,0,1,5384
1771,131496,0,0,1,7017
1772,131496,1,0,1,5277
1773,131496,1,0,1,3603
1774,131496,0,0,1,2435
1775,384421,1,0,1,2357
1776,168342,1,1,0,8135
1777,161004,0,0,1,2046
1778,168342,0,0,1,2026
1779,186131,0,0,1,5217
1780,161086,1,0,1,3884
1781,161004,0,1,0,2880
1782,234076,0,0,1,6719
1783,117168,1,0,1,7209
1784,168342,0,0,1,2486
1785,166027,0,0,1,6207
1786,190415,0,0,1,7588
1787,102234,1,0,1,2612
1788,217156,0,0,1,1842
1789,144050,0,0,1,4316
1790,230959,0,0,1,1284
1791,191515,0,0,1,2857
1792,161004,0,0,1,1464
1793,217156,0,0,1,2194
1794,191515,0,0,1,8114
1795,487524,1,0,1,2501
1796,186131,1,1,0,9982
1797,166027,0,0,1,1685
1798,168148,0,0,1,4619
1799,234076,1,0,1,5444
1800,186131,1,0,1,1119
1801,166027,0,0,1,2337
1802,136950,1,0,1,3736
1803,455257,1,0,1,4379
1804,234076,0,0,1,5391
1805,166027,0,0,1,8139
1806,247649,1,0,1,5186
1807,130314,1,0,1,3284
1808,192712,0,0,1,5653
1809,144050,1,0,1,5762
1810,161086,0,0,1,4016
1811,131496,0,0,1,3346
1812,182670,0,0,1,9891
1813,164988,0,0,1,6123
1814,487524,0,0,1,9128
1815,167783,1,0,1,6728
1816,142461,1,0,1,9475
1817,216764,1,1,0,4289
1818,168148,0,0,1,2526
1819,217156,0,1,0,6700
1820,186131,0,0,1,5384
1821,164924,0,0,1,8999
1822,190415,0,0,1,9801
1823,164492,1,0,1,1524
1824,166027,0,0,1,9844
1825,166027,0,1,0,2283
1826,190415,1,0,1,4246
1827,164988,0,0,1,6714
1828,459949,1,0,1,2727
1829,156286,1,0,1,3694
1830,441982,1,1,0,4826
1831,166027,1,1,0,7871
1832,198419,0,0,1,6665
1833,168342,1,1,0,7554
1834,164988,0,0,1,9982
1835,234076,0,0,1,1842
1836,164535,0,1,0,6347
1837,165802,1,0,1,4215
1838,164447,1,0,1,2973
1839,217156,0,0,1,6556
1840,182670,0,0,1,3471
1841,230959,0,0,1,5620
1842,164924,1,0,1,4729
1843,463056,1,0,1,2619
1844,234076,1,0,1,1475
1845,215929,0,0,1,3074
1846,230959,1,0,1,8961
1847,164748,0,0,1,4858
1848,183044,1,0,1,1648
1849,168342,1,1,0,8293
1850,186131,0,0,1,6140
1851,168148,1,0,1,2987
1852,161004,0,1,0,4729
1853,217536,1,0,1,9891
1854,198419,0,0,1,2466
1855,161086,0,0,1,5944
1856,165820,0,0,1,5481
1857,234076,1,0,1,3576
1858,167394,1,0,1,3677
1859,168148,0,0,1,8999
1860,134945,0,1,0,5731
1861,186131,0,1,0,3664
1862,230959,0,0,1,7984
1863,230959,0,0,1,3219
1864,154235,1,0,1,9475
1865,161004,0,0,1,2075
1866,240417,0,0,1,9269
1867,414878,0,0,1,2326
1868,234076,0,0,1,1116
1869,230959,0,0,1,3664
1870,217156,0,0,1,9659
1871,217493,1,0,1,5792
1872,182670,0,0,1,3576
1873,142115,1,0,1,3048
1874,161086,0,0,1,6714
1875,230959,0,1,0,3346
1876,230959,0,0,1,1934
1877,144050,0,0,1,3964
1878,230959,0,0,1,7382
1879,141486,1,0,1,7017
1880,182670,0,0,1,9843
1881,161086,0,0,1,5511
1882,217156,0,0,1,6288
1883,234076,0,0,1,3164
1884,107080,0,0,1,6689
1885,161004,0,0,1,4921
1886,231411,1,0,1,6961
1887,164988,0,0,1,3180
1888,130697,0,0,1,5603
1889,217156,1,0,1,4940
1890,152673,0,0,1,8554
1891,105899,0,0,1,4474
1892,446561,0,0,1,2618
1893,239318,0,0,1,5667
1894,182670,0,0,1,4016
1895,182670,0,0,1,5792
1896,168342,0,1,0,7548
1897,130794,0,0,1,9128
1898,217156,0,0,1,6590
1899,197142,0,0,1,5827
1900,158477,1,0,1,5827
1901,487746,1,0,1,4461
1902,198419,0,0,1,7788
1903,164924,0,0,1,3639
1904,192712,1,0,1,5376
1905,189705,0,0,1,2965
1906,182670,0,0,1,7887
1907,181297,1,1,0,1107
1908,167783,1,0,1,2357
1909,182670,0,0,1,6335
1910,191515,0,0,1,7588
1911,386153,1,0,1,4474
1912,164988,0,0,1,9415
1913,182670,0,0,1,2501
1914,383525,1,1,0,1424
1915,166027,0,0,1,6347
1916,161086,1,1,0,2951
1917,191515,0,1,0,8257
1918,190415,1,0,1,5892
1919,186131,0,0,1,5715
1920,198419,1,0,1,4619
1921,164924,0,1,0,1860
1922,204893,1,0,1,2283
1923,495031,1,0,1,6504
1924,164924,0,0,1,9700
1925,198419,1,0,1,1228
1926,186131,0,0,1,3483
1927,164924,0,0,1,5696
1928,217156,0,0,1,3390
1929,164988,1,0,1,2357
1930,165699,1,0,1,2075
1931,196413,1,0,1,3664
1932,182670,0,0,1,6496
1933,168342,0,0,1,2880
1934,144050,0,1,0,3194
1935,217484,1,0,1,2032
1936,131496,0,0,1,6866
1937,167835,0,0,1,7959
1938,202046,1,0,1,7788
1939,164988,0,0,1,6140
1940,217156,1,0,1,2209
1941,182670,1,0,1,6786
1942,182670,0,0,1,7158
1943,166027,0,0,1,4729
1944,168148,0,0,1,1776
1945,165671,1,0,1,7164
1946,130794,0,0,1,1297
1947,190415,0,0,1,5217
1948,160755,1,0,1,5671
1949,198419,0,0,1,2414
1950,166027,0,1,0,2414
1951,162061,1,0,1,6485
1952,182670,0,0,1,6111
1953,217998,0,0,1,1284
1954,198419,1,0,1,4895
1955,182670,0,1,0,1464
1956,234076,0,0,1,6094
1957,190150,0,0,1,7809
1958,230959,0,0,1,3884
1959,182670,0,0,1,4608
1960,194824,1,1,0,4103
1961,190415,0,0,1,1119
1962,144050,0,0,1,6866
1963,164924,0,0,1,4933
1964,161086,0,0,1,8550
1965,217156,0,0,1,1284
1966,160977,1,0,1,6760
1967,217156,0,0,1,5792
1968,234076,1,0,1,7271
1969,131496,0,0,1,1168
1970,164988,1,1,0,5475
1971,234076,0,0,1,1107
1972,186131,1,1,0,6368
1973,168342,1,0,1,3091
1974,161004,0,0,1,2204
1975,191515,0,0,1,5352
1976,166027,0,0,1,4379
1977,130794,1,0,1,6439
1978,168342,0,0,1,6590
1979,164988,0,0,1,5332
1980,146612,0,0,1,7111
1981,168148,0,1,0,1252
1982,107877,0,0,1,3134
1983,160977,0,0,1,9702
1984,217156,0,1,0,6820
1985,399911,1,1,0,9326
1986,164924,1,0,1,4016
1987,165936,0,0,1,7849
1988,161004,0,0,1,7111
1989,190150,0,0,1,5444
1990,144050,0,0,1,6543
1991,190150,0,0,1,9833
1992,231095,1,0,1,2308
1993,168342,0,1,0,6207
1994,144962,0,0,1,7763
1995,198419,0,0,1,6354
1996,164924,1,0,1,2857
1997,171492,1,0,1,3800
1998,230959,0,0,1,2337
1999,190415,0,0,1,3471
2000,180416,1,0,1,7788
2001,168148,0,0,1,4921
2002,239318,1,1,0,3717
2003,161563,1,0,1,7229
2004,164924,1,0,1,8703
2005,164988,1,0,1,8168
2006,198419,0,0,1,1806
2007,210492,1,0,1,3683
2008,198419,0,0,1,6094
2009,229115,1,1,0,2846
2010,191515,0,0,1,5889
2011,230959,0,0,1,9659
2012,166027,0,0,1,4608
2013,139959,0,0,1,8723
2014,131496,0,1,0,6829
2015,190415,0,0,1,5492
2016,182670,0,0,1,4729
2017,164924,0,0,1,3677
2018,161086,0,0,1,7718
2019,186131,0,0,1,7017
2020,230959,0,0,1,3390
2021,131496,0,0,1,8098
2022,191515,0,1,0,5051
2023,161004,0,0,1,4490
2024,166027,0,0,1,5529
2025,182670,0,0,1,6360
2026,168148,0,0,1,6700
2027,198419,0,0,1,6340
2028,161004,1,0,1,8646
2029,164924,1,0,1,3194
2030,166027,0,0,1,6714
2031,190415,0,0,1,5007
2032,234076,1,0,1,9666
2033,130794,0,1,0,2843
2034,166027,0,0,1,9061
2035,182670,0,0,1,7779
2036,131496,0,0,1,5792
2037,217156,0,0,1,8700
2038,168148,0,0,1,3767
2039,234076,0,0,1,5696
2040,182670,0,0,1,3074
2041,161004,0,0,1,7959
2042,168421,1,0,1,3219
2043,160977,1,1,0,5007
2044,198419,0,0,1,2618
2045,133951,1,0,1,9269
2046,234076,0,0,1,9178
2047,192110,0,0,1,3091
2048,144050,0,1,0,4421
2049,161086,0,0,1,6432
2050,161004,0,0,1,1376
2051,168148,1,0,1,1005
2052,166027,1,1,0,6124
2053,168148,0,0,1,6683
2054,130794,0,0,1,8086
2055,190150,0,0,1,1113
2056,166027,0,1,0,6934
2057,168342,0,0,1,8114
2058,168342,0,0,1,2466
2059,434362,1,0,1,9891
2060,217156,0,0,1,3825
2061,186131,0,1,0,5087
2062,198419,1,0,1,7901
2063,182670,0,0,1,6094
2064,130794,0,0,1,5305
2065,217156,0,0,1,4379
2066,217156,1,0,1,5944
2067,182670,1,1,0,6106
2068,166054,1,0,1,6373
2069,166027,0,0,1,6496
2070,127060,1,0,1,6367
2071,131496,0,0,1,5957
2072,190150,0,0,1,5923
2073,217402,1,0,1,2618
2074,191515,0,0,1,4801
2075,182670,0,0,1,9666
2076,164988,1,1,0,7540
2077,217156,0,0,1,5179
2078,161004,1,0,1,9871
2079,165936,1,0,1,9495
2080,230959,0,0,1,4259
2081,190415,0,0,1,3048
2082,161004,0,0,1,9326
2083,198419,0,0,1,3686
2084,190150,0,0,1,8121
2085,231420,0,0,1,1424
2086,101879,0,0,1,2727
2087,230959,0,1,0,3800
2088,186131,0,0,1,2763
2089,231095,1,0,1,8999
2090,161086,0,0,1,3543
2091,168148,0,0,1,8722
2092,133854,1,0,1,7779
2093,164924,0,0,1,4189
2094,217156,0,0,1,5571
2095,166027,0,0,1,3677
2096,460349,1,0,1,6337
2097,164988,0,0,1,7798
2098,190415,0,0,1,6934
2099,234076,0,0,1,1113
2100,230959,1,0,1,3134
2101,239017,1,1,0,4027
2102,168342,0,0,1,5923
2103,191515,0,0,1,1125
2104,237561,1,0,1,9844
2105,122409,0,0,1,9360
2106,230959,0,0,1,8279
2107,190415,0,0,1,1776
2108,161004,0,1,0,9659
2109,174783,1,0,1,9700
2110,164924,0,1,0,7466
2111,217156,0,0,1,9118
2112,198419,0,0,1,3677
2113,129242,0,0,1,5511
2114,190415,0,0,1,2032
2115,217420,1,1,0,4608
2116,190752,1,0,1,2308
2117,130943,1,0,1,2609
2118,123280,1,0,1,8248
2119,210669,0,0,1,2373
2120,217518,0,0,1,6400
2121,161004,0,1,0,7075
2122,164924,0,0,1,6943
2123,166027,0,0,1,6274
2124,142285,1,0,1,3507
2125,182670,1,1,0,5233
2126,168342,0,0,1,2188
2127,182670,0,0,1,5391
2128,109785,1,0,1,1168
2129,166027,0,0,1,3091
2130,164447,1,0,1,9905
2131,130794,0,0,1,6374
2132,190150,0,0,1,6140
2133,131496,0,0,1,4103
2134,164924,1,0,1,2794
2135,114354,1,1,0,1914
2136,234076,0,0,1,5492
2137,190415,0,1,0,9844
2138,166027,0,0,1,2080
2139,230959,0,0,1,9666
2140,198419,0,0,1,7763
2141,217156,0,0,1,5671
2142,166027,0,0,1,6360
2143,164924,0,0,1,8961
2144,166027,0,0,1,4701
2145,164924,1,0,1,6094
2146,198419,0,0,1,6958
2147,164924,0,0,1,6009
2148,166027,1,0,1,1501
2149,128771,1,0,1,9269
2150,182670,0,0,1,3603
2151,166027,0,0,1,5087
2152,366711,1,0,1,9046
2153,217156,0,1,0,2412
2154,166027,1,0,1,2174
2155,215974,1,0,1,6425
2156,190415,0,0,1,8158
2157,217156,0,0,1,7132
2158,166027,0,1,0,9475
2159,230959,0,0,1,3306
2160,130943,1,0,1,3686
2161,161004,0,0,1,7779
2162,186131,0,0,1,9973
2163,168148,0,0,1,4474
2164,161004,0,0,1,9518
2165,230959,0,1,0,9782
2166,234076,1,1,0,3517
2167,161004,1,0,1,6274
2168,482431,0,0,1,4798
2169,164988,0,1,0,6389
2170,190150,0,0,1,6700
2171,164988,1,0,1,3515
2172,230959,0,0,1,4359
2173,144050,0,0,1,8700
2174,182670,0,0,1,1424
2175,164924,0,0,1,9905
2176,131496,0,0,1,5571
2177,166692,1,0,1,8027
2178,166027,0,0,1,3460
2179,199865,0,0,1,8114
2180,190150,0,0,1,9782
2181,160977,0,0,1,5571
2182,198419,0,0,1,1297
2183,217156,0,0,1,3515
2184,131496,0,1,0,2030
2185,161004,0,0,1,6943
2186,230959,0,0,1,8719
2187,160065,1,0,1,7298
2188,194958,1,0,1,3284
2189,166638,1,0,1,9702
2190,129525,1,0,1,7271
2191,198419,0,1,0,4964
2192,163453,1,0,1,9666
2193,168342,0,1,0,1501
2194,130794,1,0,1,7158
2195,190415,0,0,1,3314
2196,165334,0,0,1,7765
2197,198419,0,0,1,4105
2198,190150,0,0,1,1047
2199,183211,0,0,1,5051
2200,198419,0,0,1,9584
2201,190150,0,0,1,6866
2202,217156,0,0,1,2388
2203,234076,0,0,1,7598
2204,161086,0,1,0,4478
2205,166027,0,1,0,1064
2206,182670,0,1,0,3206
2207,130794,0,0,1,7017
2208,234076,0,0,1,6454
2209,168342,0,0,1,3186
2210,161086,0,0,1,8257
2211,161004,1,0,1,3460
2212,164924,1,0,1,1568
2213,234076,0,0,1,5603
2214,234164,0,0,1,5178
2215,166027,0,0,1,6567
2216,198419,0,0,1,6124
2217,161004,0,0,1,3750
2218,160959,1,0,1,1228
2219,164924,0,0,1,7901
2220,230959,0,0,1,3048
2221,155900,1,0,1,6367
2222,230816,0,0,1,7017
2223,168148,0,0,1,9221
2224,199582,0,0,1,9195
2225,190415,0,1,0,5528
2226,166027,0,0,1,3134
2227,234076,0,0,1,6373
2228,190150,0,0,1,4898
2229,190415,1,1,0,7680
2230,190099,1,0,1,4246
2231,164924,1,0,1,6846
2232,122728,1,0,1,4474
2233,130493,1,0,1,4105
2234,110538,0,0,1,8139
2235,131496,1,0,1,6159
2236,164924,0,1,0,2612
2237,191515,0,0,1,6903
2238,166027,0,0,1,9687
2239,131496,0,0,1,5923
2240,198419,0,0,1,5792
2241,131520,0,0,1,7699
2242,195003,1,0,1,9374
2243,131496,1,1,0,7718
2244,165644,0,0,1,8293
2245,165644,1,0,1,6400
2246,131496,0,0,1,1648
2247,131496,0,0,1,2618
2248,190415,0,0,1,9666
2249,164924,0,1,0,8554
2250,167871,0,0,1,4801
2251,217518,1,0,1,5988
2252,186131,0,0,1,4035
2253,161004,0,0,1,8854
2254,182670,1,0,1,7798
2255,168148,1,0,1,1047
2256,230959,0,0,1,9360
2257,144050,0,0,1,6728
2258,168342,0,0,1,8055
2259,131496,1,0,1,3736
2260,217721,1,0,1,9937
2261,161086,0,0,1,6094
2262,217156,0,0,1,7798
2263,166027,0,0,1,3686
2264,130590,1,0,1,9859
2265,234076,1,0,1,4331
2266,161004,0,0,1,1648
2267,161022,1,0,1,2032
2268,217156,0,1,0,1776
2269,217156,1,0,1,7075
2270,454245,1,0,1,5492
2271,130794,0,0,1,2417
2272,198419,0,0,1,5783
2273,168148,0,0,1,6590
2274,234076,0,0,1,8936
2275,190150,1,0,1,8620
2276,166489,1,0,1,6360
2277,168148,1,0,1,6543
2278,447263,1,1,0,3985
2279,130794,0,1,0,6288
2280,168342,0,0,1,3342
2281,160977,1,0,1,6820
2282,166027,0,0,1,5181
2283,497268,1,0,1,6890
2284,166027,0,0,1,4105
2285,194736,1,0,1,6389
2286,166656,1,0,1,4189
2287,182670,0,0,1,1776
2288,198419,0,0,1,5277
2289,217156,0,0,1,3194
2290,191515,0,0,1,1020
2291,161004,0,0,1,9475
2292,164924,0,1,0,4792
2293,168342,0,0,1,9128
2294,186131,0,0,1,5179
2295,217156,0,0,1,6903
2296,160977,0,0,1,2080
2297,198419,0,1,0,6360
2298,198419,0,0,1,7765
2299,451413,1,0,1,4801
2300,186131,0,0,1,3717
2301,144050,0,0,1,7447
2302,166027,0,1,0,2259
2303,182670,0,0,1,5731
2304,186201,1,0,1,1914
2305,149781,0,0,1,1463
2306,182670,0,0,1,5305
2307,161086,1,0,1,7809
2308,161518,1,0,1,3430
2309,161086,0,0,1,7545
2310,139658,0,0,1,4189
2311,161004,0,0,1,9178
2312,190415,0,0,1,5696
2313,191515,0,0,1,9859
2314,168342,0,0,1,8014
2315,167288,1,0,1,7871
2316,186131,0,0,1,3277
2317,166027,0,0,1,7798
2318,230995,1,0,1,7017
2319,160977,0,0,1,8098
2320,497213,1,0,1,6665
2321,217156,0,0,1,3091
2322,186131,0,0,1,2357
2323,166027,0,0,1,1209
2324,186131,0,0,1,5210
2325,168148,0,0,1,7788
2326,165936,1,0,1,2406
2327,168148,0,1,0,6111
2328,144050,0,0,1,5419
2329,186131,0,0,1,6485
2330,131496,0,0,1,8798
2331,144050,0,1,0,2204
2332,161086,0,0,1,8703
2333,168342,0,0,1,4798
2334,190415,0,0,1,1125
2335,166027,0,0,1,1934
2336,160977,0,0,1,1524
2337,190415,1,0,1,9128
2338,198419,0,0,1,5337
2339,168342,0,1,0,2619
2340,168342,0,1,0,6719
2341,165866,1,0,1,5337
2342,168342,0,1,0,7608
2343,230959,1,0,1,6360
2344,164924,0,0,1,3964
2345,130794,0,0,1,9905
2346,166124,0,1,0,3677
2347,162654,0,0,1,4701
2348,190150,0,0,1,6974
2349,230959,0,0,1,2030
2350,190415,0,0,1,2026
2351,164988,0,0,1,6903
2352,144050,0,0,1,4289
2353,217156,0,0,1,2283
2354,198419,0,1,0,4801
2355,190150,0,0,1,7548
2356,230959,0,0,1,4478
2357,186131,0,1,0,5078
2358,166027,0,1,0,2609
2359,168342,0,0,1,2259
2360,230959,0,1,0,6974
2361,164924,0,0,1,9833
2362,168342,0,1,0,5517
2363,164924,0,0,1,5391
2364,130794,0,0,1,8114
2365,230959,0,0,1,4760
2366,161004,0,0,1,2991
2367,228529,1,0,1,3048
2368,164924,1,0,1,2174
2369,131496,0,1,0,3504
2370,230959,0,0,1,4091
2371,168342,0,0,1,6903
2372,217156,0,0,1,2727
2373,190415,0,0,1,2736
2374,234076,0,0,1,9700
2375,230959,0,0,1,3683
2376,106412,1,0,1,5923
2377,166027,0,0,1,8293
2378,421878,1,0,1,9178
2379,126359,0,0,1,8014
2380,165024,1,1,0,9119
2381,166027,0,0,1,2026
2382,165802,1,0,1,2973
2383,161004,0,0,1,9495
2384,198507,1,0,1,3417
2385,119173,1,0,1,6454
2386,168148,1,0,1,4749
2387,217156,0,0,1,3504
2388,166674,1,0,1,2609
2389,168342,1,0,1,3425
2390,234076,1,0,1,2843
2391,198419,0,0,1,5696
2392,161086,0,0,1,7091
2393,161004,0,0,1,4933
2394,161086,0,0,1,9012
2395,161004,0,0,1,7659
2396,190512,1,0,1,5603
2397,160977,0,0,1,2209
2398,230959,0,0,1,5783
2399,168148,0,0,1,4379
2400,228149,1,0,1,5143
2401,130794,0,0,1,6580
2402,161086,0,1,0,3576
2403,217156,0,0,1,5892
2404,164924,1,0,1,6496
2405,230959,1,0,1,8623
2406,183026,1,0,1,1125
2407,167792,1,0,1,1136
2408,150400,1,0,1,6274
2409,169716,1,0,1,7758
2410,198419,1,0,1,8257
2411,128391,1,0,1,3342
2412,234076,1,0,1,5186
2413,198419,0,0,1,4760
2414,230959,0,0,1,6800
2415,190150,0,1,0,5492
2416,144050,0,0,1,6961
2417,168148,1,0,1,9746
2418,144050,1,1,0,9521
2419,168148,0,0,1,4858
2420,220631,1,1,0,4359
2421,186131,1,0,1,8014
2422,166027,0,0,1,5962
2423,382416,1,0,1,1464
2424,168148,0,1,0,3515
2425,164988,0,0,1,1709
2426,166027,0,0,1,5197
2427,164924,1,1,0,9666
2428,217156,0,1,0,6139
2429,131496,0,1,0,6543
2430,217156,0,0,1,6439
2431,161086,1,0,1,3349
2432,168342,0,0,1,9501
2433,131496,1,0,1,3677
2434,164988,1,0,1,3504
2435,129020,1,1,0,4760
2436,168342,0,0,1,1648
2437,131496,0,0,1,2388
2438,168342,0,0,1,7075
2439,217156,0,0,1,4934
2440,166027,0,0,1,7132
2441,130794,0,0,1,1116
2442,186131,0,0,1,8798
2443,230959,0,0,1,7887
2444,198419,0,0,1,8098
2445,190415,0,0,1,5169
2446,230959,0,0,1,4016
2447,131496,0,0,1,6580
2448,164924,0,0,1,2094
2449,182670,1,0,1,2075
2450,217156,0,0,1,5731
2451,217156,0,0,1,8005
2452,169442,1,0,1,4701
2453,131496,0,0,1,8999
2454,191515,1,0,1,1776
2455,164988,0,0,1,1116
2456,168342,0,0,1,4540
2457,217156,1,0,1,5197
2458,161004,0,1,0,1685
2459,230959,1,0,1,3768
2460,168342,0,1,0,5620
2461,217156,0,0,1,6454
2462,217156,0,1,0,7298
2463,161086,0,0,1,1501
2464,161004,0,0,1,7271
2465,164988,0,0,1,6504
2466,131496,0,0,1,7598
2467,157030,0,0,1,2194
2468,161554,1,0,1,1005
2469,373711,1,0,1,7200
2470,194958,1,0,1,5087
2471,441636,1,0,1,8796
2472,190150,0,0,1,5137
2473,120537,0,0,1,1648
2474,123961,0,0,1,7608
2475,190150,1,1,0,6340
2476,128771,1,1,0,4105
2477,166027,0,0,1,5233
2478,144050,0,1,0,1020
2479,161004,0,0,1,7798
2480,166027,0,1,0,5892
2481,190150,0,0,1,8999
2482,160977,0,0,1,9112
2483,190415,1,0,1,6665
2484,131496,1,1,0,8936
2485,190415,0,0,1,4701
2486,164614,1,0,1,4858
2487,130794,0,0,1,2283
2488,186131,0,0,1,4792
2489,217493,0,0,1,7788
2490,198419,0,0,1,8139
2491,166027,0,0,1,9700
2492,168342,0,0,1,1005
2493,186186,1,0,1,7681
2494,214713,1,0,1,4921
2495,166027,0,0,1,4123
2496,130794,0,0,1,5433
2497,217156,0,0,1,6786
2498,147536,1,0,1,1116
2499,190150,0,0,1,9112
2500,130794,0,0,1,6945
2501,217156,0,0,1,3306
2502,217688,1,1,0,5654
2503,164924,0,1,0,4940
2504,166027,0,0,1,5391
2505,165060,0,1,0,5827
2506,166027,0,0,1,6373
2507,234076,1,0,1,9291
2508,160977,0,0,1,2258
2509,190415,0,0,1,8623
2510,166027,1,0,1,7377
2511,166027,0,0,1,7984
2512,161086,0,0,1,8098
2513,164748,0,0,1,6496
2514,131496,1,0,1,9528
2515,142090,1,0,1,9269
2516,190637,0,0,1,5984
2517,168342,1,0,1,4421
2518,165264,1,0,1,4162
2519,199272,1,0,1,9782
2520,190415,1,0,1,9833
2521,234076,0,0,1,8614
2522,198419,0,0,1,2188
2523,168227,1,0,1,8623
2524,139861,1,0,1,6786
2525,182670,0,0,1,6009
2526,130794,1,0,1,1934
2527,168342,0,0,1,4035
2528,217156,1,1,0,7887
2529,182670,0,0,1,1064
2530,164924,1,0,1,5305
2531,131496,0,0,1,7111
2532,166027,0,0,1,9074
2533,186131,0,0,1,5571
2534,168342,0,0,1,5962
2535,182670,0,0,1,4540
2536,131496,0,0,1,6515
2537,190415,0,0,1,3686
2538,182670,0,1,0,9128
2539,198419,0,0,1,5352
2540,230959,1,0,1,8121
2541,240107,1,0,1,7809
2542,191515,0,0,1,5169
2543,183026,1,0,1,3342
2544,234076,0,0,1,4701
2545,190415,1,0,1,7111
2546,186131,0,1,0,6515
2547,190415,0,1,0,1709
2548,190150,0,0,1,1865
2549,209825,1,0,1,3504
2550,182670,0,0,1,9360
2551,234076,0,0,1,8293
2552,182670,0,0,1,4801
2553,166027,0,0,1,4215
2554,217156,0,1,0,9178
2555,189273,1,1,0,2435
2556,219903,1,0,1,1215
2557,182670,0,0,1,4858
2558,120883,1,1,0,4540
2559,168342,1,0,1,4896
2560,168342,0,0,1,6467
2561,230816,1,0,1,7200
2562,168342,0,0,1,8121
2563,190415,0,0,1,2965
2564,198419,0,0,1,4461
2565,168342,0,0,1,7377
2566,166638,1,1,0,6961
2567,168342,0,0,1,1116
2568,220604,1,0,1,5179
2569,186131,1,0,1,3206
2570,161086,0,0,1,6186
2571,209241,1,0,1,5671
2572,161086,1,1,0,7788
2573,161004,1,0,1,3390
2574,166027,0,0,1,5169
2575,186131,0,0,1,3825
2576,131496,0,0,1,6288
2577,131496,0,0,1,1970
2578,230959,0,0,1,3750
2579,168342,0,0,1,5731
2580,191515,0,1,0,2075
2581,139931,1,0,1,6432
2582,161004,1,0,1,6159
2583,161004,0,0,1,9833
2584,198419,0,0,1,1064
2585,168342,0,0,1,1475
2586,164924,0,0,1,9746
2587,168342,0,0,1,6645
2588,482185,1,0,1,8121
2589,168740,1,0,1,3736
2590,164924,0,0,1,4540
2591,485999,1,0,1,5731
2592,191515,0,0,1,8952
2593,217156,0,0,1,1424
2594,217156,0,0,1,7779
2595,168342,0,0,1,5376
2596,164924,0,0,1,4421
2597,234076,0,0,1,8086
2598,168342,1,0,1,1107
2599,487524,1,0,1,6360
2600,182670,0,0,1,8114
2601,166027,0,0,1,2843
2602,183239,1,0,1,8584
2603,130314,0,0,1,5376
2604,164988,0,1,0,5889
2605,131496,1,0,1,6347
2606,168342,1,0,1,6567
2607,487658,0,0,1,5492
2608,164924,0,0,1,2882
2609,186131,0,0,1,6496
2610,230959,0,0,1,4881
2611,131496,0,1,0,5783
2612,217156,0,0,1,3664
2613,172033,1,0,1,9046
2614,198419,0,0,1,1113
2615,186131,0,0,1,1914
2616,190415,0,0,1,7744
2617,230959,0,0,1,9801
2618,217156,1,1,0,9799
2619,463056,1,0,1,2843
2620,201821,1,0,1,9666
2621,145372,1,0,1,6665
2622,149310,1,0,1,7984
2623,182670,0,0,1,4881
2624,166027,0,0,1,3800
2625,160977,1,1,0,2446
2626,482653,0,0,1,7229
2627,161086,0,0,1,1297
2628,217156,1,0,1,2406
2629,166027,0,0,1,8700
2630,164924,1,0,1,3190
2631,218238,1,0,1,7765
2632,234076,0,0,1,9982
2633,497824,1,0,1,2417
2634,161086,0,0,1,8723
2635,234076,0,0,1,5528
2636,165060,0,0,1,1463
2637,182670,0,0,1,6389
2638,217156,0,0,1,5908
2639,182670,0,0,1,5210
2640,217420,1,0,1,6186
2641,164924,0,0,1,1970
2642,230959,0,0,1,6389
2643,234076,1,0,1,1867
2644,130794,0,0,1,9195
2645,190150,0,0,1,5087
2646,217156,0,1,0,4896
2647,161004,0,1,0,1806
2648,133809,1,0,1,5169
2649,168148,0,0,1,8279
2650,131496,0,0,1,5051
2651,161235,1,0,1,6400
2652,190415,0,0,1,3750
2653,182670,0,1,0,1168
2654,164924,0,1,0,5762
2655,164739,1,0,1,9374
2656,131496,0,0,1,4561
2657,216597,0,0,1,8158
2658,168148,1,0,1,2653
2659,191515,0,0,1,9905
2660,166027,0,0,1,4571
2661,126562,1,0,1,7271
2662,236452,1,0,1,4934
2663,229018,1,0,1,4501
2664,161004,0,0,1,5419
2665,131496,0,0,1,8293
2666,131496,0,1,0,7849
2667,166027,0,0,1,5078
2668,230959,0,1,0,7659
2669,182670,0,0,1,5475
2670,373711,1,0,1,7697
2671,122755,1,0,1,7744
2672,454236,1,0,1,3504
2673,164988,0,0,1,4571
2674,209551,1,0,1,3825
2675,168342,0,0,1,5087
2676,138868,1,0,1,5988
2677,113582,1,0,1,7763
2678,130794,0,0,1,5696
2679,234076,1,0,1,7763
2680,202912,1,0,1,3767
2681,198419,1,1,0,8854
2682,168342,0,0,1,4933
2683,217156,0,0,1,9291
2684,230959,0,0,1,2763
2685,191515,0,0,1,6719
2686,193973,1,0,1,2466
2687,168148,0,0,1,4760
2688,217156,0,0,1,3884
2689,234076,0,0,1,4035
2690,164988,0,1,0,7158
2691,217305,0,0,1,3483
2692,217156,0,0,1,8033
2693,130794,0,0,1,8248
2694,131496,0,1,0,3299
2695,182670,0,0,1,7849
2696,168342,0,0,1,8033
2697,217156,0,0,1,6645
2698,164924,0,1,0,1136
2699,144050,0,0,1,2032
2700,182670,0,1,0,7098
2701,191515,0,1,0,7798
2702,190415,1,1,0,6065
2703,168148,0,1,0,8584
2704,234076,0,0,1,6496
2705,214740,1,0,1,6590
2706,168342,1,0,1,6373
2707,161004,0,0,1,5511
2708,185828,0,0,1,6373
2709,191515,0,0,1,8027
2710,230995,1,0,1,4729
2711,165866,1,0,1,5517
2712,190150,0,0,1,1209
2713,166027,0,0,1,2308
2714,206084,1,0,1,6337
2715,182670,0,0,1,9871
2716,164924,0,1,0,6556
2717,168148,1,0,1,9783
2718,161086,0,0,1,9905
2719,131496,1,0,1,1215
2720,182670,0,0,1,2059
2721,130794,0,0,1,4215
2722,182670,0,0,1,8936
2723,130794,0,0,1,1842
2724,160977,0,0,1,4953
2725,169479,1,0,1,5908
2726,164924,0,1,0,8086
2727,130794,1,0,1,9475
2728,182670,0,0,1,6340
2729,160977,0,0,1,3768
2730,439701,1,0,1,3425
2731,198419,0,0,1,5198
2732,192040,0,0,1,4940
2733,481410,1,0,1,2086
2734,186131,0,1,0,3694
2735,130314,1,0,1,4331
2736,131496,0,0,1,9360
2737,154518,1,0,1,8719
2738,217156,0,0,1,4798
2739,161004,0,0,1,1263
2740,151306,1,0,1,7849
2741,144050,0,1,0,5305
2742,168342,0,0,1,3206
2743,166489,1,0,1,6515
2744,190150,0,0,1,2763
2745,198419,0,0,1,3767
2746,179557,1,1,0,1648
2747,190150,0,0,1,3349
2748,217156,0,0,1,9844
2749,161004,0,0,1,1776
2750,168342,0,0,1,8723
2751,165820,1,0,1,7518
2752,496618,0,0,1,4027
2753,161086,1,0,1,9518
2754,198419,0,0,1,4763
2755,131496,0,0,1,6719
2756,198419,0,0,1,6454
2757,168342,0,0,1,7017
2758,166674,1,0,1,7798
2759,166027,0,0,1,2361
2760,144050,0,0,1,9782
2761,198419,0,0,1,7545
2762,161086,0,0,1,2865
2763,165936,0,0,1,5179
2764,161086,0,1,0,7901
2765,191515,0,0,1,6186
2766,138558,1,0,1,2357
2767,260813,1,0,1,4224
2768,217156,0,1,0,5419
2769,161086,0,1,0,5444
2770,217156,0,0,1,3299
2771,230959,0,0,1,5143
2772,198419,1,0,1,1376
2773,130794,1,1,0,2307
2774,164924,0,1,0,5962
2775,230959,0,0,1,1866
2776,164465,0,0,1,2882
2777,230959,0,0,1,1776
2778,168342,0,0,1,5908
2779,182670,0,0,1,3417
2780,164988,0,0,1,3284
2781,186131,0,0,1,1005
2782,130794,0,0,1,5253
2783,451404,1,0,1,1116
2784,186131,1,0,1,4760
2785,166027,0,0,1,8352
2786,166638,1,1,0,3950
2787,234076,0,0,1,6515
2788,161086,0,0,1,5186
2789,198419,0,0,1,3186
2790,166027,0,0,1,8722
2791,130794,0,0,1,9859
2792,119173,1,0,1,6186
2793,166027,0,0,1,1286
2794,148131,0,0,1,1175
2795,113582,1,0,1,8620
2796,130794,0,0,1,6425
2797,230959,0,0,1,7681
2798,220473,1,0,1,5492
2799,198419,0,0,1,2133
2800,161004,0,0,1,7132
2801,182670,0,1,0,2133
2802,191515,0,0,1,7075
2803,168342,0,0,1,4564
2804,190150,0,0,1,8723
2805,182670,0,0,1,1136
2806,182670,0,0,1,9844
2807,168847,1,0,1,4189
2808,184348,1,1,0,1209
2809,144050,0,0,1,6700
2810,190415,1,1,0,4749
2811,166027,0,0,1,4316
2812,198419,0,0,1,6543
2813,137032,0,0,1,7111
2814,131159,0,0,1,7111
2815,166027,0,0,1,2727
2816,166656,1,0,1,5603
2817,234076,0,0,1,8114
2818,182634,1,0,1,7798
2819,190415,0,0,1,5923
2820,164988,0,0,1,3390
2821,131496,1,0,1,4105
2822,166027,0,0,1,3517
2823,165820,1,0,1,1136
2824,217156,0,0,1,9891
2825,166027,0,0,1,4027
2826,208725,0,0,1,7699
2827,476975,1,0,1,6140
2828,161004,0,0,1,2967
2829,168342,0,0,1,3694
2830,166027,0,0,1,4189
2831,191515,0,1,0,6800
2832,156541,1,0,1,1261
2833,166027,0,1,0,4934
2834,197744,1,0,1,7849
2835,175005,1,0,1,7788
2836,164924,1,0,1,1594
2837,166054,1,0,1,2361
2838,486938,1,0,1,6274
2839,151388,1,1,0,6335
2840,130794,1,0,1,3091
2841,160977,1,1,0,6274
2842,446048,0,1,0,9905
2843,166027,0,1,0,4898
2844,130794,0,0,1,5511
2845,166027,1,0,1,3507
2846,213598,1,0,1,2843
2847,213543,0,0,1,1175
2848,168148,0,0,1,3507
2849,182670,0,1,0,6444
2850,166027,0,0,1,2619
2851,209241,1,0,1,6139
2852,217156,1,0,1,8135
2853,230959,0,0,1,9291
2854,161004,1,0,1,3825
2855,144050,0,0,1,1175
2856,186131,1,0,1,5827
2857,191515,0,0,1,3277
2858,167057,0,0,1,5178
2859,161004,0,0,1,8614
2860,182670,0,0,1,6560
2861,166027,0,0,1,5715
2862,166027,0,0,1,4921
2863,161341,1,0,1,3277
2864,168148,0,0,1,4091
2865,182670,0,0,1,6958
2866,190150,0,0,1,1064
2867,234076,1,1,0,2763
2868,168254,1,0,1,9871
2869,198419,0,0,1,7779
2870,164924,0,0,1,8055
2871,129020,1,1,0,2965
2872,466930,1,1,0,9843
2873,230959,0,0,1,8293
2874,217156,0,0,1,5433
2875,182670,0,0,1,3717
2876,132657,1,0,1,5742
2877,144050,0,0,1,8646
2878,168148,0,0,1,9846
2879,190415,1,0,1,3425
2880,182670,1,0,1,9973
2881,168342,0,0,1,5197
2882,131496,0,0,1,9074
2883,234076,1,1,0,9061
2884,182634,0,0,1,2501
2885,166027,0,1,0,4331
2886,230959,1,0,1,2711
2887,183062,1,1,0,1972
2888,186131,0,0,1,4331
2889,164988,1,0,1,5078
2890,230852,1,0,1,2373
2891,165936,1,0,1,7451
2892,186131,0,0,1,3184
2893,217165,1,0,1,9687
2894,164988,0,0,1,8277
2895,166027,0,0,1,6123
2896,166027,0,0,1,8566
2897,182670,0,0,1,8554
2898,191515,0,0,1,9180
2899,130226,1,0,1,3683
2900,164924,0,0,1,4316
2901,168148,1,0,1,6719
2902,131496,0,0,1,2204
2903,131496,1,0,1,3460
2904,174020,1,0,1,7984
2905,211981,1,0,1,1970
2906,166027,0,0,1,8952
2907,180461,1,1,0,2711
2908,463056,1,0,1,6719
2909,217156,0,0,1,1252
2910,192785,1,0,1,7788
2911,144050,0,0,1,6974
2912,180461,1,0,1,2188
2913,234076,0,0,1,4896
2914,198419,0,0,1,9801
2915,182670,0,0,1,2618
2916,161086,0,0,1,2794
2917,160977,0,0,1,3346
2918,217819,1,0,1,1475
2919,161086,0,0,1,1970
2920,161086,0,0,1,8791
2921,166027,0,0,1,6665
2922,168148,1,0,1,7608
2923,198419,0,0,1,3517
2924,234076,0,0,1,7098
2925,164924,0,0,1,8791
2926,164924,0,0,1,7608
2927,161004,0,0,1,4162
2928,168148,1,0,1,9982
2929,234076,0,0,1,3750
2930,204635,1,0,1,9880
2931,217156,0,0,1,4331
2932,166027,0,0,1,4561
2933,130794,0,0,1,3048
2934,230959,0,1,0,5169
2935,161004,0,1,0,9221
2936,168421,1,0,1,5988
2937,131496,0,0,1,6337
2938,160977,0,0,1,2075
2939,217156,0,0,1,6496
2940,167729,1,0,1,3074
2941,182670,0,0,1,4895
2942,167358,0,0,1,9937
2943,234076,0,0,1,8033
2944,144050,0,0,1,6094
2945,198419,0,0,1,4729
2946,230959,0,0,1,9859
2947,164632,1,0,1,5696
2948,164924,0,0,1,6139
2949,246071,1,1,0,9360
2950,131496,0,0,1,9495
2951,217493,0,0,1,6454
2952,182634,1,0,1,5376
2953,163453,1,0,1,3483
2954,198419,0,0,1,5743
2955,131496,0,1,0,1113
2956,168342,0,0,1,3346
2957,165529,1,0,1,5529
2958,133951,1,0,1,7451
2959,164924,0,0,1,2086
2960,190150,1,1,0,7567
2961,166683,0,0,1,6515
2962,166027,0,0,1,1534
2963,182670,1,1,0,7517
2964,182670,0,0,1,3686
2965,168148,0,0,1,4016
2966,164924,0,0,1,4934
2967,168254,1,0,1,2556
2968,166027,0,1,0,3306
2969,166027,0,0,1,2388
2970,164924,0,0,1,4619
2971,160977,0,0,1,5051
2972,164924,1,1,0,6964
2973,168148,0,0,1,4027
2974,230959,0,0,1,2361
2975,217156,0,0,1,4792
2976,198419,0,0,1,5433
2977,182670,0,0,1,3750
2978,203757,1,0,1,8027
2979,198419,0,0,1,3603
2980,444510,1,1,0,2373
2981,131496,0,0,1,4331
2982,166027,0,0,1,6961
2983,130794,0,1,0,3543
2984,191515,1,0,1,1970
2985,186131,0,0,1,5492
2986,190150,0,0,1,8405
2987,191515,0,0,1,9221
2988,164924,0,0,1,6200
2989,217156,0,0,1,1228
2990,131496,0,0,1,7271
2991,186131,1,0,1,7229
2992,195191,0,0,1,3686
2993,446640,1,0,1,7598
2994,198419,0,0,1,2586
2995,186131,1,1,0,7329
2996,198419,0,0,1,6786
2997,168342,0,0,1,2951
2998,129242,0,0,1,8055
2999,182670,0,0,1,6159
3000,190415,0,0,1,5889
3001,234076,1,0,1,8722
3002,217156,0,0,1,1215
3003,125763,1,0,1,1175
3004,162061,1,1,0,7765
3005,161086,0,0,1,9746
3006,166018,1,0,1,1501
3007,198419,0,0,1,6829
3008,230959,0,1,0,3736
3009,182670,0,0,1,4798
3010,168148,0,0,1,5376
3011,230959,0,0,1,3517
3012,217156,0,0,1,3517
3013,190415,0,0,1,4474
3014,166027,0,1,0,7451
3015,167729,0,0,1,6454
3016,182670,0,0,1,4359
3017,230959,0,0,1,3603
3018,160977,1,0,1,7763
3019,166027,0,0,1,7901
3020,182670,0,0,1,3964
3021,234076,0,1,0,5904
3022,131496,0,0,1,7382
3023,164924,1,1,0,3430
3024,168342,0,1,0,1015
3025,131496,0,0,1,1005
3026,168148,0,0,1,5511
3027,166027,1,0,1,6454
3028,186131,0,0,1,5511
3029,131496,0,0,1,4953
3030,160977,1,1,0,5181
3031,144050,0,0,1,2361
3032,161004,0,0,1,2337
3033,234076,0,0,1,5178
3034,493619,1,0,1,6467
3035,144050,1,1,0,9756
3036,164924,0,0,1,2987
3037,168342,1,0,1,2059
3038,230959,0,0,1,9982
3039,230959,0,0,1,6903
3040,166027,1,1,0,8100
3041,217156,0,0,1,4964
3042,160977,0,0,1,5743
3043,150941,1,1,0,7697
3044,191515,0,0,1,2194
3045,198419,0,0,1,7098
3046,164924,0,0,1,9495
3047,166027,0,0,1,6943
3048,182670,0,0,1,1842
3049,161004,0,0,1,4123
3050,169576,1,0,1,5988
3051,230959,0,0,1,6123
3052,129020,0,0,1,6736
3053,230959,1,0,1,6906
3054,161004,0,1,0,5210
3055,239716,1,0,1,7959
3056,130493,1,0,1,4608
3057,130794,0,0,1,2185
3058,182670,0,1,0,2987
3059,182670,0,0,1,3219
3060,217156,0,0,1,4881
3061,198419,0,0,1,3164
3062,191515,1,1,0,3460
3063,161022,0,0,1,6200
3064,166027,0,0,1,8279
3065,160977,0,0,1,4940
3066,191515,1,0,1,8550
3067,161004,0,0,1,2412
3068,190415,0,1,0,8796
3069,230959,0,0,1,6159
3070,164924,0,0,1,6335
3071,192961,1,0,1,4619
3072,166027,0,0,1,9746
3073,231059,1,0,1,2095
3074,131496,1,1,0,8922
3075,198419,0,0,1,8719
3076,168005,1,0,1,6829
3077,164492,1,0,1,7132
3078,131496,0,0,1,9291
3079,161086,1,1,0,7029
3080,190150,0,0,1,7871
3081,164988,0,0,1,7200
3082,166027,0,1,0,1524
3083,121150,0,0,1,6820
3084,164924,1,1,0,7164
3085,130794,0,0,1,4763
3086,144050,1,0,1,2133
3087,131496,0,1,0,9846
3088,230959,0,0,1,5529
3089,476975,1,0,1,2865
3090,146612,0,0,1,2965
3091,182670,0,0,1,4316
3092,243799,1,0,1,3194
3093,182670,0,0,1,6123
3094,130794,0,0,1,7098
3095,167288,1,0,1,6719
3096,186131,1,0,1,7098
3097,164924,1,0,1,1914
3098,183080,1,0,1,6728
3099,161086,0,0,1,6340
3100,190691,0,1,0,6846
3101,164924,0,0,1,5889
3102,217156,0,1,0,2556
3103,101879,1,0,1,2526
3104,443410,0,0,1,4729
3105,182670,0,0,1,5517
3106,190415,0,1,0,2973
3107,161086,0,0,1,4881
3108,182670,0,0,1,2086
3109,131496,0,0,1,5384
3110,144050,0,0,1,5667
3111,166027,0,0,1,6560
3112,164924,1,0,1,1501
3113,217156,0,1,0,7984
3114,164562,1,0,1,3964
3115,191515,0,0,1,6590
3116,160977,0,1,0,8700
3117,167899,1,0,1,7871
3118,217156,0,0,1,6560
3119,165936,1,1,0,9746
3120,220978,0,0,1,4105
3121,164924,0,0,1,3314
3122,168148,1,1,0,5197
3123,166027,0,0,1,7758
3124,168342,0,0,1,8798
3125,161004,0,0,1,4824
3126,488563,1,0,1,6111
3127,191515,0,0,1,6200
3128,131496,0,0,1,6556
3129,436827,1,0,1,6556
3130,217156,0,0,1,7963
3131,215798,1,0,1,9360
3132,211273,0,0,1,5653
3133,186131,0,0,1,8703
3134,129941,1,0,1,3048
3135,161086,0,0,1,1228
3136,230959,0,0,1,5603
3137,183974,1,0,1,6200
3138,198419,0,1,0,7447
3139,161563,1,0,1,6274
3140,186131,0,0,1,1568
3141,166027,0,0,1,9782
3142,161004,0,0,1,5603
3143,217156,0,0,1,6760
3144,184773,1,0,1,5990
3145,195003,1,0,1,3985
3146,164465,0,0,1,9871
3147,168148,1,1,0,8623
3148,198419,0,0,1,7451
3149,160977,1,0,1,5984
3150,234076,0,0,1,9871
3151,114354,0,0,1,2414
3152,230959,0,1,0,7017
3153,152390,0,0,1,7744
3154,196592,1,0,1,1685
3155,165866,0,0,1,6009
3156,182670,0,0,1,4749
3157,217156,0,0,1,3184
3158,191515,0,0,1,4474
3159,131496,0,0,1,5007
3160,168148,0,1,0,8114
3161,164924,0,0,1,1263
3162,216807,1,0,1,8722
3163,198419,0,0,1,5391
3164,161086,1,1,0,1865
3165,230995,1,0,1,1594
3166,192961,1,0,1,1594
3167,166027,0,1,0,5198
3168,166027,0,0,1,6425
3169,164924,0,1,0,8614
3170,216047,1,0,1,8854
3171,164924,1,0,1,2046
3172,198419,0,0,1,4027
3173,161004,0,0,1,3686
3174,168342,0,0,1,7382
3175,161004,0,0,1,2417
3176,190415,0,0,1,5571
3177,161004,0,0,1,7901
3178,161086,1,0,1,2417
3179,164924,0,0,1,4501
3180,161004,1,0,1,3483
3181,191515,0,0,1,5529
3182,160977,0,0,1,8722
3183,168342,0,0,1,7451
3184,213367,1,0,1,6846
3185,207157,0,1,0,9374
3186,238980,1,0,1,8158
3187,166027,0,0,1,9666
3188,240727,1,0,1,5078
3189,190150,0,0,1,7164
3190,186131,0,0,1,4316
3191,190415,0,0,1,5813
3192,230959,1,1,0,6728
3193,456959,1,1,0,5571
3194,190415,0,0,1,2086
3195,445692,1,0,1,5391
3196,490382,1,0,1,3284
3197,234076,0,0,1,5253
3198,168342,0,0,1,2326
3199,441937,1,0,1,2466
3200,190415,0,0,1,6367
3201,209825,1,1,0,8595
3202,167358,0,0,1,7098
3203,130794,1,1,0,8405
3204,191515,0,1,0,2026
3205,164924,1,0,1,6829
3206,168148,0,0,1,5529
3207,190415,0,0,1,9782
3208,244437,1,0,1,9061
3209,486026,1,0,1,1252
3210,168342,0,0,1,7744
3211,167792,1,0,1,9195
3212,168148,0,0,1,9891
3213,131496,1,0,1,3985
3214,436827,1,0,1,2794
3215,131496,0,0,1,4921
3216,130794,1,1,0,8798
3217,129774,1,0,1,1709
3218,166027,0,0,1,2326
3219,217156,0,0,1,4729
3220,161341,0,1,0,9700
3221,144050,0,0,1,2965
3222,217156,0,0,1,1136
3223,168342,1,0,1,6496
3224,176965,1,0,1,3736
3225,217156,0,0,1,7765
3226,131496,0,0,1,5511
3227,166629,1,0,1,6111
3228,144050,0,0,1,8098
3229,161086,1,0,1,1648
3230,190415,0,0,1,8999
3231,230959,0,0,1,5197
3232,164924,1,0,1,5169
3233,217156,0,1,0,4763
3234,161004,0,0,1,4474
3235,443261,1,0,1,7518
3236,182670,0,0,1,5492
3237,168148,0,0,1,8086
3238,198419,0,0,1,6504
3239,131469,0,0,1,4091
3240,168148,1,1,0,1341
3241,186131,0,0,1,1806
3242,161004,1,0,1,2258
3243,211024,1,0,1,5696
3244,183974,1,0,1,4259
3245,131496,0,0,1,8257
3246,186131,0,1,0,6373
3247,186131,0,0,1,6159
3248,164924,0,0,1,3425
3249,190150,0,0,1,4953
3250,131496,1,0,1,2727
3251,238458,0,0,1,9844
3252,182670,0,0,1,6903
3253,186131,0,0,1,5143
3254,191515,0,0,1,9687
3255,161004,0,1,0,5813
3256,130794,0,0,1,4933
3257,164924,0,0,1,9799
3258,191515,0,0,1,2373
3259,234076,0,0,1,3686
3260,161518,1,1,0,6496
3261,161004,0,0,1,6389
3262,234076,1,0,1,6826
3263,191515,1,1,0,1284
3264,190150,0,0,1,3299
3265,166027,0,0,1,5743
3266,217156,0,0,1,3277
3267,164924,1,0,1,1064
3268,182670,0,0,1,2857
3269,131496,0,0,1,7779
3270,217156,1,0,1,5178
3271,160977,1,1,0,4476
3272,191515,0,1,0,4707
3273,166027,0,0,1,1866
3274,234076,0,0,1,3194
3275,164924,0,0,1,5179
3276,234076,1,0,1,3964
3277,190415,0,0,1,8798
3278,161086,0,0,1,9128
3279,203544,0,0,1,2259
3280,182670,0,0,1,6689
3281,161086,0,1,0,1376
3282,186399,1,0,1,4881
3283,194499,0,1,0,5178
3284,130794,0,0,1,4103
3285,168342,1,0,1,4215
3286,234076,0,0,1,7659
3287,164632,1,0,1,3767
3288,161086,1,0,1,3483
3289,161086,0,0,1,5696
3290,164988,1,0,1,9833
3291,191968,0,0,1,7697
3292,168148,1,0,1,6288
3293,161004,1,0,1,1113
3294,234076,0,0,1,7699
3295,182670,0,0,1,6124
3296,168342,0,0,1,4619
3297,487658,0,0,1,7091
3298,234076,1,0,1,4490
3299,167358,1,1,0,2466
3300,231095,1,0,1,2417
3301,166027,0,1,0,5653
3302,182795,1,0,1,6826
3303,168342,0,1,0,9584
3304,190150,0,0,1,1125
3305,234076,0,0,1,9833
3306,164988,0,0,1,9891
3307,182670,1,1,0,6736
3308,182670,0,0,1,3342
3309,217156,0,0,1,5332
3310,186131,1,1,0,4701
3311,168148,0,1,0,7681
3312,131496,0,1,0,6689
3313,166027,0,0,1,9659
3314,166674,1,0,1,4289
3315,230959,0,0,1,1568
3316,182670,0,0,1,5715
3317,131496,0,0,1,7588
3318,190150,0,1,0,4858
3319,166027,0,0,1,3277
3320,198419,0,0,1,9702
3321,198419,0,0,1,6435
3322,230959,0,0,1,8257
3323,164924,1,0,1,5433
3324,230959,0,0,1,3964
3325,168342,0,0,1,4801
3326,182670,0,0,1,8352
3327,190415,0,0,1,7765
3328,164924,0,0,1,2258
3329,131496,1,0,1,8791
3330,212197,1,1,0,6903
3331,130794,0,0,1,8999
3332,194578,1,0,1,9501
3333,168342,0,0,1,8257
3334,161004,0,0,1,8086
3335,186131,1,1,0,8992
3336,166027,0,0,1,3683
3337,175430,1,0,1,4964
3338,186131,0,0,1,8005
3339,164988,0,1,0,5944
3340,190415,1,0,1,7871
3341,182634,1,0,1,5529
3342,182670,1,0,1,1125
3343,190415,1,0,1,3122
3344,195720,1,0,1,4760
3345,164924,0,1,0,9497
3346,198419,0,0,1,7798
3347,164924,0,0,1,7699
3348,217156,0,0,1,1534
3349,131496,0,0,1,7871
3350,182670,1,0,1,4478
3351,168342,0,0,1,6360
3352,164988,0,0,1,5277
3353,161086,0,0,1,6454
3354,161457,1,0,1,2194
3355,198419,1,0,1,2080
3356,168148,1,1,0,5603
3357,160977,0,0,1,4934
3358,166027,0,1,0,5667
3359,131496,1,1,0,8158
3360,166027,0,0,1,9799
3361,230959,1,0,1,5904
3362,168342,0,0,1,2609
3363,202170,1,0,1,3639
3364,186131,0,0,1,9061
3365,144050,0,1,0,4571
3366,234076,0,0,1,7849
3367,198419,0,0,1,7608
3368,161004,0,1,0,7744
3369,164924,0,0,1,9415
3370,183026,1,0,1,3417
3371,164988,0,0,1,2373
3372,176035,1,1,0,3964
3373,164988,0,0,1,5988
3374,130794,0,0,1,8723
3375,234076,0,0,1,3717
3376,230959,0,0,1,8139
3377,234076,0,0,1,2653
3378,144050,0,1,0,5217
3379,216524,1,0,1,4162
3380,166027,0,1,0,6400
3381,160977,0,0,1,6124
3382,230728,1,0,1,5511
3383,166939,1,0,1,6425
3384,217156,0,0,1,5492
3385,166027,0,0,1,9501
3386,164988,1,0,1,9112
3387,217156,0,0,1,6186
3388,161086,0,0,1,8352
3389,191515,0,0,1,9584
3390,168148,0,0,1,6645
3391,217156,0,1,0,6435
3392,160977,0,0,1,7209
3393,217156,0,0,1,9221
3394,144050,0,0,1,3425
3395,230959,1,0,1,4540
3396,161004,0,0,1,5179
3397,198419,0,0,1,4798
3398,168342,1,1,0,7129
3399,191515,0,0,1,7111
3400,131496,0,0,1,9415
3401,217493,0,0,1,5528
3402,491622,1,0,1,3736
3403,128902,0,0,1,2361
3404,161004,0,0,1,1524
3405,247773,0,0,1,1376
3406,182670,1,0,1,4035
3407,217156,0,0,1,2951
3408,164988,0,0,1,4707
3409,190415,0,0,1,5792
3410,190150,1,1,0,8575
3411,182670,0,0,1,3515
3412,164739,0,0,1,8550
3413,151306,1,0,1,2357
3414,234076,0,0,1,4934
3415,440828,1,0,1,9844
3416,217156,0,0,1,1463
3417,144050,1,0,1,3471
